{
  "version": "2.0",
  "operations": {
    "AttachInstances": "<p>Attaches one or more EC2 instances to the specified Auto Scaling group.</p> <p>For more information, see <a href=\"http://docs.aws.amazon.com/AutoScaling/latest/DeveloperGuide/attach-instance-asg.html\">Attach EC2 Instances to Your Auto Scaling Group</a> in the <i>Auto Scaling Developer Guide</i>.</p>",
    "AttachLoadBalancers": "<p>Attaches one or more load balancers to the specified Auto Scaling group.</p> <p>To describe the load balancers for an Auto Scaling group, use <a>DescribeLoadBalancers</a>. To detach the load balancer from the Auto Scaling group, use <a>DetachLoadBalancers</a>.</p> <p>For more information, see <a href=\"http://docs.aws.amazon.com/AutoScaling/latest/DeveloperGuide/attach-load-balancer-asg.html\">Attach a Load Balancer to Your Auto Scaling Group</a> in the <i>Auto Scaling Developer Guide</i>.</p>",
    "CompleteLifecycleAction": "<p>Completes the lifecycle action for the associated token initiated under the given lifecycle hook with the specified result. </p> <p>This operation is a part of the basic sequence for adding a lifecycle hook to an Auto Scaling group:</p> <ol> <li>Create a notification target. A target can be either an Amazon SQS queue or an Amazon SNS topic.</li> <li>Create an IAM role. This role allows Auto Scaling to publish lifecycle notifications to the designated SQS queue or SNS topic.</li> <li>Create the lifecycle hook. You can create a hook that acts when instances launch or when instances terminate.</li> <li>If necessary, record the lifecycle action heartbeat to keep the instance in a pending state.</li> <li> <b>Complete the lifecycle action</b>.</li> </ol> <p>For more information, see <a href=\"http://docs.aws.amazon.com/AutoScaling/latest/DeveloperGuide/AutoScalingPendingState.html\">Auto Scaling Pending State</a> and <a href=\"http://docs.aws.amazon.com/AutoScaling/latest/DeveloperGuide/AutoScalingTerminatingState.html\">Auto Scaling Terminating State</a> in the <i>Auto Scaling Developer Guide</i>.</p>",
    "CreateAutoScalingGroup": "<p>Creates an Auto Scaling group with the specified name and attributes.</p> <p>If you exceed your maximum limit of Auto Scaling groups, which by default is 20 per region, the call fails. For information about viewing and updating these limits, see <a>DescribeAccountLimits</a>.</p> <p>For more information, see <a href=\"http://docs.aws.amazon.com/AutoScaling/latest/DeveloperGuide/AutoScalingGroup.html\">Auto Scaling Groups</a> in the <i>Auto Scaling Developer Guide</i>.</p>",
    "CreateLaunchConfiguration": "<p>Creates a launch configuration.</p> <p>If you exceed your maximum limit of launch configurations, which by default is 100 per region, the call fails. For information about viewing and updating these limits, see <a>DescribeAccountLimits</a>.</p> <p>For more information, see <a href=\"http://docs.aws.amazon.com/AutoScaling/latest/DeveloperGuide/LaunchConfiguration.html\">Launch Configurations</a> in the <i>Auto Scaling Developer Guide</i>.</p>",
    "CreateOrUpdateTags": "<p>Creates or updates tags for the specified Auto Scaling group.</p> <p>A tag is defined by its resource ID, resource type, key, value, and propagate flag. The value and the propagate flag are optional parameters. The only supported resource type is <code>auto-scaling-group</code>, and the resource ID must be the name of the group. The <code>PropagateAtLaunch</code> flag determines whether the tag is added to instances launched in the group. Valid values are <code>true</code> or <code>false</code>.</p> <p>When you specify a tag with a key that already exists, the operation overwrites the previous tag definition, and you do not get an error message.</p> <p>For more information, see <a href=\"http://docs.aws.amazon.com/AutoScaling/latest/DeveloperGuide/ASTagging.html\">Tagging Auto Scaling Groups and Instances</a> in the <i>Auto Scaling Developer Guide</i>.</p>",
    "DeleteAutoScalingGroup": "<p>Deletes the specified Auto Scaling group.</p> <p>The group must have no instances and no scaling activities in progress.</p> <p>To remove all instances before calling <code>DeleteAutoScalingGroup</code>, call <a>UpdateAutoScalingGroup</a> to set the minimum and maximum size of the Auto Scaling group to zero.</p>",
    "DeleteLaunchConfiguration": "<p>Deletes the specified launch configuration.</p> <p>The launch configuration must not be attached to an Auto Scaling group. When this call completes, the launch configuration is no longer available for use.</p>",
    "DeleteLifecycleHook": "<p>Deletes the specified lifecycle hook.</p> <p>If there are any outstanding lifecycle actions, they are completed first (<code>ABANDON</code> for launching instances, <code>CONTINUE</code> for terminating instances).</p>",
    "DeleteNotificationConfiguration": "<p>Deletes the specified notification.</p>",
    "DeletePolicy": "<p>Deletes the specified Auto Scaling policy.</p>",
    "DeleteScheduledAction": "<p>Deletes the specified scheduled action.</p>",
    "DeleteTags": "<p>Deletes the specified tags.</p>",
    "DescribeAccountLimits": "<p>Describes the current Auto Scaling resource limits for your AWS account.</p> <p>For information about requesting an increase in these limits, see <a href=\"http://docs.aws.amazon.com/general/latest/gr/aws_service_limits.html\">AWS Service Limits</a> in the <i>Amazon Web Services General Reference</i>.</p>",
    "DescribeAdjustmentTypes": "<p>Describes the policy adjustment types for use with <a>PutScalingPolicy</a>.</p>",
    "DescribeAutoScalingGroups": "<p>Describes one or more Auto Scaling groups. If a list of names is not provided, the call describes all Auto Scaling groups.</p>",
    "DescribeAutoScalingInstances": "<p>Describes one or more Auto Scaling instances. If a list is not provided, the call describes all instances.</p>",
    "DescribeAutoScalingNotificationTypes": "<p>Describes the notification types that are supported by Auto Scaling.</p>",
    "DescribeLaunchConfigurations": "<p>Describes one or more launch configurations. If you omit the list of names, then the call describes all launch configurations.</p>",
    "DescribeLifecycleHookTypes": "<p>Describes the available types of lifecycle hooks.</p>",
    "DescribeLifecycleHooks": "<p>Describes the lifecycle hooks for the specified Auto Scaling group.</p>",
    "DescribeLoadBalancers": "<p>Describes the load balancers for the specified Auto Scaling group.</p>",
    "DescribeMetricCollectionTypes": "<p>Describes the available CloudWatch metrics for Auto Scaling.</p> <p>Note that the <code>GroupStandbyInstances</code> metric is not returned by default. You must explicitly request this metric when calling <a>EnableMetricsCollection</a>.</p>",
    "DescribeNotificationConfigurations": "<p>Describes the notification actions associated with the specified Auto Scaling group.</p>",
    "DescribePolicies": "<p>Describes the policies for the specified Auto Scaling group.</p>",
    "DescribeScalingActivities": "<p>Describes one or more scaling activities for the specified Auto Scaling group. If you omit the <code>ActivityIds</code>, the call returns all activities from the past six weeks. Activities are sorted by the start time. Activities still in progress appear first on the list.</p>",
    "DescribeScalingProcessTypes": "<p>Describes the scaling process types for use with <a>ResumeProcesses</a> and <a>SuspendProcesses</a>.</p>",
    "DescribeScheduledActions": "<p>Describes the actions scheduled for your Auto Scaling group that haven't run. To describe the actions that have already run, use <a>DescribeScalingActivities</a>.</p>",
    "DescribeTags": "<p>Describes the specified tags.</p> <p>You can use filters to limit the results. For example, you can query for the tags for a specific Auto Scaling group. You can specify multiple values for a filter. A tag must match at least one of the specified values for it to be included in the results.</p> <p>You can also specify multiple filters. The result includes information for a particular tag only if it matches all the filters. If there's no match, no special message is returned.</p>",
    "DescribeTerminationPolicyTypes": "<p>Describes the termination policies supported by Auto Scaling.</p>",
    "DetachInstances": "<p>Removes one or more instances from the specified Auto Scaling group. After the instances are detached, you can manage them independently from the rest of the Auto Scaling group.</p> <p>For more information, see <a href=\"http://docs.aws.amazon.com/AutoScaling/latest/DeveloperGuide/detach-instance-asg.html\">Detach EC2 Instances from Your Auto Scaling Group</a> in the <i>Auto Scaling Developer Guide</i>.</p>",
    "DetachLoadBalancers": "<p>Removes one or more load balancers from the specified Auto Scaling group.</p> <p>When you detach a load balancer, it enters the <code>Removing</code> state while deregistering the instances in the group. When all instances are deregistered, then you can no longer describe the load balancer using <a>DescribeLoadBalancers</a>. Note that the instances remain running.</p>",
    "DisableMetricsCollection": "<p>Disables monitoring of the specified metrics for the specified Auto Scaling group.</p>",
    "EnableMetricsCollection": "<p>Enables monitoring of the specified metrics for the specified Auto Scaling group.</p> <p>You can only enable metrics collection if <code>InstanceMonitoring</code> in the launch configuration for the group is set to <code>True</code>.</p>",
    "EnterStandby": "<p>Moves the specified instances into <code>Standby</code> mode.</p> <p>For more information, see <a href=\"http://docs.aws.amazon.com/AutoScaling/latest/DeveloperGuide/AutoScalingInServiceState.html\">Auto Scaling InService State</a> in the <i>Auto Scaling Developer Guide</i>.</p>",
    "ExecutePolicy": "<p>Executes the specified policy.</p>",
    "ExitStandby": "<p>Moves the specified instances out of <code>Standby</code> mode.</p> <p>For more information, see <a href=\"http://docs.aws.amazon.com/AutoScaling/latest/DeveloperGuide/AutoScalingInServiceState.html\">Auto Scaling InService State</a> in the <i>Auto Scaling Developer Guide</i>.</p>",
    "PutLifecycleHook": "<p>Creates or updates a lifecycle hook for the specified Auto Scaling Group.</p> <p>A lifecycle hook tells Auto Scaling that you want to perform an action on an instance that is not actively in service; for example, either when the instance launches or before the instance terminates.</p> <p>This operation is a part of the basic sequence for adding a lifecycle hook to an Auto Scaling group:</p> <ol> <li>Create a notification target. A target can be either an Amazon SQS queue or an Amazon SNS topic.</li> <li>Create an IAM role. This role allows Auto Scaling to publish lifecycle notifications to the designated SQS queue or SNS topic.</li> <li><b>Create the lifecycle hook. You can create a hook that acts when instances launch or when instances terminate.</b></li> <li>If necessary, record the lifecycle action heartbeat to keep the instance in a pending state.</li> <li>Complete the lifecycle action.</li> </ol> <p>For more information, see <a href=\"http://docs.aws.amazon.com/AutoScaling/latest/DeveloperGuide/AutoScalingPendingState.html\">Auto Scaling Pending State</a> and <a href=\"http://docs.aws.amazon.com/AutoScaling/latest/DeveloperGuide/AutoScalingTerminatingState.html\">Auto Scaling Terminating State</a> in the <i>Auto Scaling Developer Guide</i>.</p>",
    "PutNotificationConfiguration": "<p> Configures an Auto Scaling group to send notifications when specified events take place. Subscribers to this topic can have messages for events delivered to an endpoint such as a web server or email address. </p> <p>For more information see <a href=\"http://docs.aws.amazon.com/AutoScaling/latest/DeveloperGuide/ASGettingNotifications.html\">Getting Notifications When Your Auto Scaling Group Changes</a> in the <i>Auto Scaling Developer Guide</i>.</p> <p>This configuration overwrites an existing configuration.</p>",
    "PutScalingPolicy": "<p>Creates or updates a policy for an Auto Scaling group. To update an existing policy, use the existing policy name and set the parameters you want to change. Any existing parameter not changed in an update to an existing policy is not changed in this update request.</p>",
    "PutScheduledUpdateGroupAction": "<p> Creates or updates a scheduled scaling action for an Auto Scaling group. When updating a scheduled scaling action, if you leave a parameter unspecified, the corresponding value remains unchanged in the affected Auto Scaling group. </p> <p>For more information, see <a href=\"http://docs.aws.amazon.com/AutoScaling/latest/DeveloperGuide/schedule_time.html\">Scheduled Scaling</a> in the <i>Auto Scaling Developer Guide</i>.</p>",
    "RecordLifecycleActionHeartbeat": "<p>Records a heartbeat for the lifecycle action associated with a specific token. This extends the timeout by the length of time defined by the <code>HeartbeatTimeout</code> parameter of <a>PutLifecycleHook</a>.</p> <p>This operation is a part of the basic sequence for adding a lifecycle hook to an Auto Scaling group:</p> <ol> <li>Create a notification target. A target can be either an Amazon SQS queue or an Amazon SNS topic.</li> <li>Create an IAM role. This role allows Auto Scaling to publish lifecycle notifications to the designated SQS queue or SNS topic.</li> <li>Create the lifecycle hook. You can create a hook that acts when instances launch or when instances terminate.</li> <li><b>If necessary, record the lifecycle action heartbeat to keep the instance in a pending state.</b></li> <li>Complete the lifecycle action.</li> </ol> <p>For more information, see <a href=\"http://docs.aws.amazon.com/AutoScaling/latest/DeveloperGuide/AutoScalingPendingState.html\">Auto Scaling Pending State</a> and <a href=\"http://docs.aws.amazon.com/AutoScaling/latest/DeveloperGuide/AutoScalingTerminatingState.html\">Auto Scaling Terminating State</a> in the <i>Auto Scaling Developer Guide</i>.</p>",
    "ResumeProcesses": "<p>Resumes the specified suspended Auto Scaling processes for the specified Auto Scaling group. To resume specific processes, use the <code>ScalingProcesses</code> parameter. To resume all processes, omit the <code>ScalingProcesses</code> parameter. For more information, see <a href=\"http://docs.aws.amazon.com/AutoScaling/latest/DeveloperGuide/US_SuspendResume.html\">Suspend and Resume Auto Scaling Processes</a> in the <i>Auto Scaling Developer Guide</i>.</p>",
    "SetDesiredCapacity": "<p>Sets the size of the specified Auto Scaling group.</p> <p>For more information about desired capacity, see <a href=\"http://docs.aws.amazon.com/AutoScaling/latest/DeveloperGuide/WhatIsAutoScaling.html\">What Is Auto Scaling?</a> in the <i>Auto Scaling Developer Guide</i>.</p>",
    "SetInstanceHealth": "<p>Sets the health status of the specified instance.</p> <p>For more information, see <a href=\"http://docs.aws.amazon.com/AutoScaling/latest/DeveloperGuide/healthcheck.html\">Health Checks</a> in the <i>Auto Scaling Developer Guide</i>.</p>",
    "SuspendProcesses": "<p>Suspends the specified Auto Scaling processes for the specified Auto Scaling group. To suspend specific processes, use the <code>ScalingProcesses</code> parameter. To suspend all processes, omit the <code>ScalingProcesses</code> parameter.</p> <p>Note that if you suspend either the <code>Launch</code> or <code>Terminate</code> process types, it can prevent other process types from functioning properly.</p> <p>To resume processes that have been suspended, use <a>ResumeProcesses</a>.</p> <p>For more information, see <a href=\"http://docs.aws.amazon.com/AutoScaling/latest/DeveloperGuide/US_SuspendResume.html\">Suspend and Resume Auto Scaling Processes</a> in the <i>Auto Scaling Developer Guide</i>.</p>",
    "TerminateInstanceInAutoScalingGroup": "<p>Terminates the specified instance and optionally adjusts the desired group size.</p> <p>This call simply makes a termination request. The instances is not terminated immediately.</p>",
    "UpdateAutoScalingGroup": "<p>Updates the configuration for the specified Auto Scaling group.</p> <p>To update an Auto Scaling group with a launch configuration with <code>InstanceMonitoring</code> set to <code>False</code>, you must first disable the collection of group metrics. Otherwise, you will get an error. If you have previously enabled the collection of group metrics, you can disable it using <a>DisableMetricsCollection</a>.</p> <p>The new settings are registered upon the completion of this call. Any launch configuration settings take effect on any triggers after this call returns. Scaling activities that are currently in progress aren't affected.</p> <p>Note the following:</p> <ul> <li> <p>If you specify a new value for <code>MinSize</code> without specifying a value for <code>DesiredCapacity</code>, and the new <code>MinSize</code> is larger than the current size of the group, we implicitly call <a>SetDesiredCapacity</a> to set the size of the group to the new value of <code>MinSize</code>.</p> </li> <li> <p>If you specify a new value for <code>MaxSize</code> without specifying a value for <code>DesiredCapacity</code>, and the new <code>MaxSize</code> is smaller than the current size of the group, we implicitly call <a>SetDesiredCapacity</a> to set the size of the group to the new value of <code>MaxSize</code>.</p> </li> <li> <p>All other optional parameters are left unchanged if not specified.</p> </li> </ul>"
  },
  "service": "<fullname>Auto Scaling</fullname> <p>Auto Scaling is designed to automatically launch or terminate EC2 instances based on user-defined policies, schedules, and health checks. Use this service in conjunction with the Amazon CloudWatch and Elastic Load Balancing services.</p>",
  "shapes": {
    "Activities": {
      "base": null,
      "refs": {
        "ActivitiesType$Activities": "<p>The scaling activities.</p>",
        "DetachInstancesAnswer$Activities": "<p>The activities related to detaching the instances from the Auto Scaling group.</p>",
        "EnterStandbyAnswer$Activities": "<p>The activities related to moving instances into <code>Standby</code> mode.</p>",
        "ExitStandbyAnswer$Activities": "<p>The activities related to moving instances out of <code>Standby</code> mode.</p>"
      }
    },
    "ActivitiesType": {
      "base": null,
      "refs": {
      }
    },
    "Activity": {
      "base": "<p>Describes scaling activity, which is a long-running process that represents a change to your Auto Scaling group, such as changing its size or replacing an instance.</p>",
      "refs": {
        "Activities$member": null,
        "ActivityType$Activity": "<p>A scaling activity.</p>"
      }
    },
    "ActivityIds": {
      "base": null,
      "refs": {
        "DescribeScalingActivitiesType$ActivityIds": "<p> A list containing the activity IDs of the desired scaling activities. If this list is omitted, all activities are described. If an <code>AutoScalingGroupName</code> is provided, the results are limited to that group. The list of requested activities cannot contain more than 50 items. If unknown activities are requested, they are ignored with no error. </p>"
      }
    },
    "ActivityType": {
      "base": null,
      "refs": {
      }
    },
    "AdjustmentType": {
      "base": "<p>Describes a policy adjustment type.</p> <p>For more information, see <a href=\"http://docs.aws.amazon.com/AutoScaling/latest/DeveloperGuide/as-scale-based-on-demand.html\">Dynamic Scaling</a> in the <i>Auto Scaling Developer Guide</i>.</p>",
      "refs": {
        "AdjustmentTypes$member": null
      }
    },
    "AdjustmentTypes": {
      "base": null,
      "refs": {
        "DescribeAdjustmentTypesAnswer$AdjustmentTypes": "<p>The policy adjustment types.</p>"
      }
    },
    "Alarm": {
      "base": "<p>Describes an alarm.</p>",
      "refs": {
        "Alarms$member": null
      }
    },
    "Alarms": {
      "base": null,
      "refs": {
        "ScalingPolicy$Alarms": "<p>The CloudWatch alarms related to the policy.</p>"
      }
    },
    "AlreadyExistsFault": {
      "base": "<p>You already have an Auto Scaling group or launch configuration with this name.</p>",
      "refs": {
      }
    },
    "AsciiStringMaxLen255": {
      "base": null,
      "refs": {
        "CompleteLifecycleActionType$LifecycleHookName": "<p>The name of the lifecycle hook.</p>",
        "DeleteLifecycleHookType$LifecycleHookName": "<p>The name of the lifecycle hook.</p>",
        "LifecycleHook$LifecycleHookName": "<p>The name of the lifecycle hook.</p>",
        "LifecycleHookNames$member": null,
        "PutLifecycleHookType$LifecycleHookName": "<p>The name of the lifecycle hook.</p>",
        "RecordLifecycleActionHeartbeatType$LifecycleHookName": "<p>The name of the lifecycle hook.</p>"
      }
    },
    "AssociatePublicIpAddress": {
      "base": null,
      "refs": {
        "CreateLaunchConfigurationType$AssociatePublicIpAddress": "<p>Used for groups that launch instances into a virtual private cloud (VPC). Specifies whether to assign a public IP address to each instance. For more information, see <a href=\"http://docs.aws.amazon.com/AutoScaling/latest/DeveloperGuide/autoscalingsubnets.html\">Auto Scaling and Amazon Virtual Private Cloud</a> in the <i>Auto Scaling Developer Guide</i>.</p> <p>If you specify a value for this parameter, be sure to specify at least one subnet using the <i>VPCZoneIdentifier</i> parameter when you create your group. </p> <p>Default: If the instance is launched into a default subnet, the default is <code>true</code>. If the instance is launched into a nondefault subnet, the default is <code>false</code>. For more information, see <a href=\"http://docs.aws.amazon.com/AWSEC2/latest/UserGuide/ec2-supported-platforms.html\">Supported Platforms</a> in the <i>Amazon Elastic Compute Cloud User Guide</i>.</p>",
        "LaunchConfiguration$AssociatePublicIpAddress": "<p>Specifies whether the instances are associated with a public IP address (<code>true</code>) or not (<code>false</code>).</p>"
      }
    },
    "AttachInstancesQuery": {
      "base": null,
      "refs": {
      }
    },
    "AttachLoadBalancersResultType": {
      "base": null,
      "refs": {
      }
    },
    "AttachLoadBalancersType": {
      "base": null,
      "refs": {
      }
    },
    "AutoScalingGroup": {
      "base": "<p>Describes an Auto Scaling group.</p>",
      "refs": {
        "AutoScalingGroups$member": null
      }
    },
    "AutoScalingGroupDesiredCapacity": {
      "base": null,
      "refs": {
        "AutoScalingGroup$DesiredCapacity": "<p>The desired size of the group.</p>",
        "CreateAutoScalingGroupType$DesiredCapacity": "<p>The number of EC2 instances that should be running in the group. This value must be greater than or equal to the minimum size of the group and less than or equal to the maximum size of the group.</p>",
        "PutScheduledUpdateGroupActionType$DesiredCapacity": "<p> The number of EC2 instances that should be running in the group. </p>",
        "ScheduledUpdateGroupAction$DesiredCapacity": "<p>The number of instances you prefer to maintain in the group.</p>",
        "SetDesiredCapacityType$DesiredCapacity": "<p>The number of EC2 instances that should be running in the Auto Scaling group.</p>",
        "UpdateAutoScalingGroupType$DesiredCapacity": "<p>The number of EC2 instances that should be running in the Auto Scaling group. This value must be greater than or equal to the minimum size of the group and less than or equal to the maximum size of the group.</p>"
      }
    },
    "AutoScalingGroupMaxSize": {
      "base": null,
      "refs": {
        "AutoScalingGroup$MaxSize": "<p>The maximum size of the group.</p>",
        "CreateAutoScalingGroupType$MaxSize": "<p>The maximum size of the group.</p>",
        "PutScheduledUpdateGroupActionType$MaxSize": "<p> The maximum size for the Auto Scaling group. </p>",
        "ScheduledUpdateGroupAction$MaxSize": "<p>The maximum size of the group.</p>",
        "UpdateAutoScalingGroupType$MaxSize": "<p>The maximum size of the Auto Scaling group.</p>"
      }
    },
    "AutoScalingGroupMinSize": {
      "base": null,
      "refs": {
        "AutoScalingGroup$MinSize": "<p>The minimum size of the group.</p>",
        "CreateAutoScalingGroupType$MinSize": "<p>The minimum size of the group.</p>",
        "PutScheduledUpdateGroupActionType$MinSize": "<p> The minimum size for the Auto Scaling group. </p>",
        "ScheduledUpdateGroupAction$MinSize": "<p>The minimum size of the group.</p>",
        "UpdateAutoScalingGroupType$MinSize": "<p>The minimum size of the Auto Scaling group.</p>"
      }
    },
    "AutoScalingGroupNames": {
      "base": null,
      "refs": {
        "AutoScalingGroupNamesType$AutoScalingGroupNames": "<p>The group names.</p>",
        "DescribeNotificationConfigurationsType$AutoScalingGroupNames": "<p>The name of the group.</p>"
      }
    },
    "AutoScalingGroupNamesType": {
      "base": null,
      "refs": {
      }
    },
    "AutoScalingGroups": {
      "base": null,
      "refs": {
        "AutoScalingGroupsType$AutoScalingGroups": "<p>The groups.</p>"
      }
    },
    "AutoScalingGroupsType": {
      "base": null,
      "refs": {
      }
    },
    "AutoScalingInstanceDetails": {
      "base": "<p>Describes an EC2 instance associated with an Auto Scaling group.</p>",
      "refs": {
        "AutoScalingInstances$member": null
      }
    },
    "AutoScalingInstances": {
      "base": null,
      "refs": {
        "AutoScalingInstancesType$AutoScalingInstances": "<p>The instances.</p>"
      }
    },
    "AutoScalingInstancesType": {
      "base": null,
      "refs": {
      }
    },
    "AutoScalingNotificationTypes": {
      "base": null,
      "refs": {
        "DescribeAutoScalingNotificationTypesAnswer$AutoScalingNotificationTypes": "<p>One or more of the following notification types:</p> <ul> <li><p><code>autoscaling:EC2_INSTANCE_LAUNCH</code></p></li> <li><p><code>autoscaling:EC2_INSTANCE_LAUNCH_ERROR</code></p></li> <li><p><code>autoscaling:EC2_INSTANCE_TERMINATE</code></p></li> <li><p><code>autoscaling:EC2_INSTANCE_TERMINATE_ERROR</code></p></li> <li><p><code>autoscaling:TEST_NOTIFICATION</code></p></li> </ul>",
        "DescribeLifecycleHookTypesAnswer$LifecycleHookTypes": "<p>One or more of the following notification types:</p> <ul> <li><p><code>autoscaling:EC2_INSTANCE_LAUNCHING</code></p></li> <li><p><code>autoscaling:EC2_INSTANCE_TERMINATING</code></p></li> </ul>",
        "PutNotificationConfigurationType$NotificationTypes": "<p>The type of event that will cause the notification to be sent. For details about notification types supported by Auto Scaling, see <a>DescribeAutoScalingNotificationTypes</a>.</p>"
      }
    },
    "AvailabilityZones": {
      "base": null,
      "refs": {
        "AutoScalingGroup$AvailabilityZones": "<p>One or more Availability Zones for the group.</p>",
        "CreateAutoScalingGroupType$AvailabilityZones": "<p>One or more Availability Zones for the group. This parameter is optional if you specify subnets using the <code>VPCZoneIdentifier</code> parameter.</p>",
        "UpdateAutoScalingGroupType$AvailabilityZones": "<p>One or more Availability Zones for the group.</p>"
      }
    },
    "BlockDeviceEbsDeleteOnTermination": {
      "base": null,
      "refs": {
        "Ebs$DeleteOnTermination": "<p>Indicates whether to delete the volume on instance termination.</p> <p>Default: <code>true</code></p>"
      }
    },
    "BlockDeviceEbsIops": {
      "base": null,
      "refs": {
        "Ebs$Iops": "<p>For Provisioned IOPS (SSD) volumes only. The number of I/O operations per second (IOPS) to provision for the volume.</p> <p>Valid values: Range is 100 to 4000.</p> <p>Default: None</p>"
      }
    },
    "BlockDeviceEbsVolumeSize": {
      "base": null,
      "refs": {
        "Ebs$VolumeSize": "<p>The volume size, in gigabytes.</p> <p>Valid values: If the volume type is <code>io1</code>, the minimum size of the volume is 10 GiB. If you specify <code>SnapshotId</code> and <code>VolumeSize</code>, <code>VolumeSize</code> must be equal to or larger than the size of the snapshot.</p> <p>Default: If you create a volume from a snapshot and you don't specify a volume size, the default is the size of the snapshot.</p> <p>Required: Required when the volume type is <code>io1</code>. </p>"
      }
    },
    "BlockDeviceEbsVolumeType": {
      "base": null,
      "refs": {
        "Ebs$VolumeType": "<p>The volume type.</p> <p>Valid values: <code>standard | io1 | gp2</code></p> <p>Default: <code>standard</code></p>"
      }
    },
    "BlockDeviceMapping": {
      "base": "<p>Describes a block device mapping.</p>",
      "refs": {
        "BlockDeviceMappings$member": null
      }
    },
    "BlockDeviceMappings": {
      "base": null,
      "refs": {
        "CreateLaunchConfigurationType$BlockDeviceMappings": "<p>One or more mappings that specify how block devices are exposed to the instance. For more information, see <a href=\"http://docs.aws.amazon.com/AWSEC2/latest/UserGuide/block-device-mapping-concepts.html\">Block Device Mapping</a> in the <i>Amazon Elastic Compute Cloud User Guide</i>.</p>",
        "LaunchConfiguration$BlockDeviceMappings": "<p>A block device mapping, which specifies the block devices for the instance.</p>"
      }
    },
    "ClassicLinkVPCSecurityGroups": {
      "base": null,
      "refs": {
        "CreateLaunchConfigurationType$ClassicLinkVPCSecurityGroups": "<p>The IDs of one or more security groups for the VPC specified in <code>ClassicLinkVPCId</code>. This parameter is required if <code>ClassicLinkVPCId</code> is specified, and cannot be used otherwise. For more information, see <a href=\"http://docs.aws.amazon.com/AWSEC2/latest/UserGuide/vpc-classiclink.html\">ClassicLink</a> in the <i>Amazon Elastic Compute Cloud User Guide</i>.</p>",
        "LaunchConfiguration$ClassicLinkVPCSecurityGroups": "<p>The IDs of one or more security groups for the VPC specified in <code>ClassicLinkVPCId</code>. This parameter is required if <code>ClassicLinkVPCId</code> is specified, and cannot be used otherwise. For more information, see <a href=\"http://docs.aws.amazon.com/AWSEC2/latest/UserGuide/vpc-classiclink.html\">ClassicLink</a> in the <i>Amazon Elastic Compute Cloud User Guide</i>.</p>"
      }
    },
    "CompleteLifecycleActionAnswer": {
      "base": null,
      "refs": {
      }
    },
    "CompleteLifecycleActionType": {
      "base": null,
      "refs": {
      }
    },
    "Cooldown": {
      "base": null,
      "refs": {
        "AutoScalingGroup$DefaultCooldown": "<p>The number of seconds after a scaling activity completes before any further scaling activities can start.</p>",
        "CreateAutoScalingGroupType$DefaultCooldown": "<p>The amount of time, in seconds, after a scaling activity completes before another scaling activity can start.</p> <p>If <code>DefaultCooldown</code> is not specified, the default value is 300. For more information, see <a href=\"http://docs.aws.amazon.com/AutoScaling/latest/DeveloperGuide/Cooldown.html\">Understanding Auto Scaling Cooldowns</a> in the <i>Auto Scaling Developer Guide</i>.</p>",
        "PutScalingPolicyType$Cooldown": "<p>The amount of time, in seconds, after a scaling activity completes and before the next scaling activity can start.</p> <p>For more information, see <a href=\"http://docs.aws.amazon.com/AutoScaling/latest/DeveloperGuide/Cooldown.html\">Understanding Auto Scaling Cooldowns</a> in the <i>Auto Scaling Developer Guide</i>.</p>",
        "ScalingPolicy$Cooldown": "<p>The amount of time, in seconds, after a scaling activity completes before any further trigger-related scaling activities can start.</p>",
        "UpdateAutoScalingGroupType$DefaultCooldown": "<p>The amount of time, in seconds, after a scaling activity completes before another scaling activity can start. For more information, see <a href=\"http://docs.aws.amazon.com/AutoScaling/latest/DeveloperGuide/Cooldown.html\">Understanding Auto Scaling Cooldowns</a>.</p>"
      }
    },
    "CreateAutoScalingGroupType": {
      "base": null,
      "refs": {
      }
    },
    "CreateLaunchConfigurationType": {
      "base": null,
      "refs": {
      }
    },
    "CreateOrUpdateTagsType": {
      "base": null,
      "refs": {
      }
    },
    "DeleteAutoScalingGroupType": {
      "base": null,
      "refs": {
      }
    },
    "DeleteLifecycleHookAnswer": {
      "base": null,
      "refs": {
      }
    },
    "DeleteLifecycleHookType": {
      "base": null,
      "refs": {
      }
    },
    "DeleteNotificationConfigurationType": {
      "base": null,
      "refs": {
      }
    },
    "DeletePolicyType": {
      "base": "<p></p>",
      "refs": {
      }
    },
    "DeleteScheduledActionType": {
      "base": null,
      "refs": {
      }
    },
    "DeleteTagsType": {
      "base": null,
      "refs": {
      }
    },
    "DescribeAccountLimitsAnswer": {
      "base": null,
      "refs": {
      }
    },
    "DescribeAdjustmentTypesAnswer": {
      "base": null,
      "refs": {
      }
    },
    "DescribeAutoScalingInstancesType": {
      "base": null,
      "refs": {
      }
    },
    "DescribeAutoScalingNotificationTypesAnswer": {
      "base": null,
      "refs": {
      }
    },
    "DescribeLifecycleHookTypesAnswer": {
      "base": null,
      "refs": {
      }
    },
    "DescribeLifecycleHooksAnswer": {
      "base": null,
      "refs": {
      }
    },
    "DescribeLifecycleHooksType": {
      "base": null,
      "refs": {
      }
    },
    "DescribeLoadBalancersRequest": {
      "base": null,
      "refs": {
      }
    },
    "DescribeLoadBalancersResponse": {
      "base": null,
      "refs": {
      }
    },
    "DescribeMetricCollectionTypesAnswer": {
      "base": null,
      "refs": {
      }
    },
    "DescribeNotificationConfigurationsAnswer": {
      "base": null,
      "refs": {
      }
    },
    "DescribeNotificationConfigurationsType": {
      "base": null,
      "refs": {
      }
    },
    "DescribePoliciesType": {
      "base": null,
      "refs": {
      }
    },
    "DescribeScalingActivitiesType": {
      "base": null,
      "refs": {
      }
    },
    "DescribeScheduledActionsType": {
      "base": null,
      "refs": {
      }
    },
    "DescribeTagsType": {
      "base": null,
      "refs": {
      }
    },
    "DescribeTerminationPolicyTypesAnswer": {
      "base": null,
      "refs": {
      }
    },
    "DetachInstancesAnswer": {
      "base": null,
      "refs": {
      }
    },
    "DetachInstancesQuery": {
      "base": null,
      "refs": {
      }
    },
    "DetachLoadBalancersResultType": {
      "base": null,
      "refs": {
      }
    },
    "DetachLoadBalancersType": {
      "base": null,
      "refs": {
      }
    },
    "DisableMetricsCollectionQuery": {
      "base": null,
      "refs": {
      }
    },
    "Ebs": {
      "base": "<p>Describes an Amazon EBS volume.</p>",
      "refs": {
        "BlockDeviceMapping$Ebs": "<p>The information about the Amazon EBS volume.</p>"
      }
    },
    "EbsOptimized": {
      "base": null,
      "refs": {
        "CreateLaunchConfigurationType$EbsOptimized": "<p>Indicates whether the instance is optimized for Amazon EBS I/O. By default, the instance is not optimized for EBS I/O. The optimization provides dedicated throughput to Amazon EBS and an optimized configuration stack to provide optimal I/O performance. This optimization is not available with all instance types. Additional usage charges apply. For more information, see <a href=\"http://docs.aws.amazon.com/AWSEC2/latest/UserGuide/EBSOptimized.html\">Amazon EBS-Optimized Instances</a> in the <i>Amazon Elastic Compute Cloud User Guide</i>.</p>",
        "LaunchConfiguration$EbsOptimized": "<p>Controls whether the instance is optimized for EBS I/O (<code>true</code>) or not (<code>false</code>).</p>"
      }
    },
    "EnableMetricsCollectionQuery": {
      "base": null,
      "refs": {
      }
    },
    "EnabledMetric": {
      "base": "<p>Describes an enabled metric.</p>",
      "refs": {
        "EnabledMetrics$member": null
      }
    },
    "EnabledMetrics": {
      "base": null,
      "refs": {
        "AutoScalingGroup$EnabledMetrics": "<p>The metrics enabled for the group.</p>"
      }
    },
    "EnterStandbyAnswer": {
      "base": null,
      "refs": {
      }
    },
    "EnterStandbyQuery": {
      "base": null,
      "refs": {
      }
    },
    "ExecutePolicyType": {
      "base": null,
      "refs": {
      }
    },
    "ExitStandbyAnswer": {
      "base": null,
      "refs": {
      }
    },
    "ExitStandbyQuery": {
      "base": null,
      "refs": {
      }
    },
    "Filter": {
      "base": "<p>Describes a filter.</p>",
      "refs": {
        "Filters$member": null
      }
    },
    "Filters": {
      "base": null,
      "refs": {
        "DescribeTagsType$Filters": "<p>A filter used to scope the tags to return.</p>"
      }
    },
    "ForceDelete": {
      "base": null,
      "refs": {
        "DeleteAutoScalingGroupType$ForceDelete": "<p>Specifies that the group will be deleted along with all instances associated with the group, without waiting for all instances to be terminated. This parameter also deletes any lifecycle actions associated with the group.</p>"
      }
    },
    "GlobalTimeout": {
      "base": null,
      "refs": {
        "LifecycleHook$GlobalTimeout": "<p>The maximum length of time an instance can remain in a <code>Pending:Wait</code> or <code>Terminating:Wait</code> state. Currently, this value is set at 48 hours.</p>"
      }
    },
    "HealthCheckGracePeriod": {
      "base": null,
      "refs": {
        "AutoScalingGroup$HealthCheckGracePeriod": "<p>The amount of time that Auto Scaling waits before checking an instance's health status. The grace period begins when an instance comes into service.</p>",
        "CreateAutoScalingGroupType$HealthCheckGracePeriod": "<p>The amount of time, in seconds, after an EC2 instance comes into service that Auto Scaling starts checking its health. During this time, any health check failures for the instance are ignored.</p> <p>This parameter is required if you are adding an <code>ELB</code> health check. Frequently, new instances need to warm up, briefly, before they can pass a health check. To provide ample warm-up time, set the health check grace period of the group to match the expected startup period of your application.</p> <p>For more information, see <a href=\"http://docs.aws.amazon.com/AutoScaling/latest/DeveloperGuide/as-add-elb-healthcheck.html\">Add an Elastic Load Balancing Health Check to Your Auto Scaling Group</a> in the <i>Auto Scaling Developer Guide</i>.</p>",
        "UpdateAutoScalingGroupType$HealthCheckGracePeriod": "<p>The amount of time, in seconds, that Auto Scaling waits before checking the health status of an instance. The grace period begins when the instance passes the system status and instance status checks from Amazon EC2. For more information, see <a href=\"\"></a>. </p>"
      }
    },
    "HeartbeatTimeout": {
      "base": null,
      "refs": {
        "LifecycleHook$HeartbeatTimeout": "<p>The amount of time that can elapse before the lifecycle hook times out. When the lifecycle hook times out, Auto Scaling performs the action defined in the <code>DefaultResult</code> parameter. You can prevent the lifecycle hook from timing out by calling <a>RecordLifecycleActionHeartbeat</a>.</p>",
        "PutLifecycleHookType$HeartbeatTimeout": "<p>Defines the amount of time, in seconds, that can elapse before the lifecycle hook times out. When the lifecycle hook times out, Auto Scaling performs the action defined in the <code>DefaultResult</code> parameter. You can prevent the lifecycle hook from timing out by calling <a>RecordLifecycleActionHeartbeat</a>. The default value for this parameter is 3600 seconds (1 hour).</p>"
      }
    },
    "HonorCooldown": {
      "base": null,
      "refs": {
        "ExecutePolicyType$HonorCooldown": "<p>Set to <code>True</code> if you want Auto Scaling to wait for the cooldown period associated with the Auto Scaling group to complete before executing the policy.</p> <p>Set to <code>False</code> if you want Auto Scaling to circumvent the cooldown period associated with the Auto Scaling group and execute the policy before the cooldown period ends.</p> <p>For more information, see <a href=\"http://docs.aws.amazon.com/AutoScaling/latest/DeveloperGuide/Cooldown.html\">Understanding Auto Scaling Cooldowns</a> in the <i>Auto Scaling Developer Guide</i>.</p>",
        "SetDesiredCapacityType$HonorCooldown": "<p>By default, <code>SetDesiredCapacity</code> overrides any cooldown period associated with the Auto Scaling group. Specify <code>True</code> to make Auto Scaling to wait for the cool-down period associated with the Auto Scaling group to complete before initiating a scaling activity to set your Auto Scaling group to its new capacity.</p>"
      }
    },
    "Instance": {
      "base": "<p>Describes an EC2 instance.</p>",
      "refs": {
        "Instances$member": null
      }
    },
    "InstanceIds": {
      "base": null,
      "refs": {
        "AttachInstancesQuery$InstanceIds": "<p>One or more EC2 instance IDs.</p>",
        "DescribeAutoScalingInstancesType$InstanceIds": "<p>One or more Auto Scaling instances to describe, up to 50 instances. If you omit this parameter, all Auto Scaling instances are described. If you specify an ID that does not exist, it is ignored with no error.</p>",
        "DetachInstancesQuery$InstanceIds": "<p>One or more instance IDs.</p>",
        "EnterStandbyQuery$InstanceIds": "<p>One or more instances to move into <code>Standby</code> mode. You must specify at least one instance ID.</p>",
        "ExitStandbyQuery$InstanceIds": "<p>One or more instance IDs. You must specify at least one instance ID.</p>"
      }
    },
    "InstanceMonitoring": {
      "base": "<p>Describes whether instance monitoring is enabled.</p>",
      "refs": {
        "CreateLaunchConfigurationType$InstanceMonitoring": "<p>Enables detailed monitoring if it is disabled. Detailed monitoring is enabled by default.</p> <p>When detailed monitoring is enabled, Amazon CloudWatch generates metrics every minute and your account is charged a fee. When you disable detailed monitoring, by specifying <code>False</code>, CloudWatch generates metrics every 5 minutes. For more information, see <a href=\"http://docs.aws.amazon.com/AutoScaling/latest/DeveloperGuide/as-instance-monitoring.html\">Monitor Your Auto Scaling Instances</a> in the <i>Auto Scaling Developer Guide</i>.</p>",
        "LaunchConfiguration$InstanceMonitoring": "<p>Controls whether instances in this group are launched with detailed monitoring.</p>"
      }
    },
    "Instances": {
      "base": null,
      "refs": {
        "AutoScalingGroup$Instances": "<p>The EC2 instances associated with the group.</p>"
      }
    },
    "InvalidNextToken": {
      "base": "<p>The <code>NextToken</code> value is not valid.</p>",
      "refs": {
      }
    },
    "LaunchConfiguration": {
      "base": "<p>Describes a launch configuration.</p>",
      "refs": {
        "LaunchConfigurations$member": null
      }
    },
    "LaunchConfigurationNameType": {
      "base": null,
      "refs": {
      }
    },
    "LaunchConfigurationNames": {
      "base": null,
      "refs": {
        "LaunchConfigurationNamesType$LaunchConfigurationNames": "<p>The launch configuration names.</p>"
      }
    },
    "LaunchConfigurationNamesType": {
      "base": null,
      "refs": {
      }
    },
    "LaunchConfigurations": {
      "base": null,
      "refs": {
        "LaunchConfigurationsType$LaunchConfigurations": "<p>The launch configurations.</p>"
      }
    },
    "LaunchConfigurationsType": {
      "base": null,
      "refs": {
      }
    },
    "LifecycleActionResult": {
      "base": null,
      "refs": {
        "CompleteLifecycleActionType$LifecycleActionResult": "<p>The action for the group to take. This parameter can be either <code>CONTINUE</code> or <code>ABANDON</code>.</p>",
        "LifecycleHook$DefaultResult": "<p>Defines the action the Auto Scaling group should take when the lifecycle hook timeout elapses or if an unexpected failure occurs. The valid values are <code>CONTINUE</code> and <code>ABANDON</code>. The default value is <code>CONTINUE</code>.</p>",
        "PutLifecycleHookType$DefaultResult": "<p>Defines the action the Auto Scaling group should take when the lifecycle hook timeout elapses or if an unexpected failure occurs. The value for this parameter can be either <code>CONTINUE</code> or <code>ABANDON</code>. The default value for this parameter is <code>ABANDON</code>.</p>"
      }
    },
    "LifecycleActionToken": {
      "base": null,
      "refs": {
        "CompleteLifecycleActionType$LifecycleActionToken": "<p>A universally unique identifier (UUID) that identifies a specific lifecycle action associated with an instance. Auto Scaling sends this token to the notification target you specified when you created the lifecycle hook.</p>",
        "RecordLifecycleActionHeartbeatType$LifecycleActionToken": "<p>A token that uniquely identifies a specific lifecycle action associated with an instance. Auto Scaling sends this token to the notification target you specified when you created the lifecycle hook.</p>"
      }
    },
    "LifecycleHook": {
      "base": "<p>Describes a lifecycle hook, which tells Auto Scaling that you want to perform an action when an instance launches or terminates. When you have a lifecycle hook in place, the Auto Scaling group will either:</p> <ul> <li>Pause the instance after it launches, but before it is put into service</li> <li>Pause the instance as it terminates, but before it is fully terminated</li> </ul> <p>For more information, see <a href=\"http://docs.aws.amazon.com/AutoScaling/latest/DeveloperGuide/AutoScalingPendingState.html\">Auto Scaling Pending State</a> and <a href=\"http://docs.aws.amazon.com/AutoScaling/latest/DeveloperGuide/AutoScalingTerminatingState.html\">Auto Scaling Terminating State</a> in the <i>Auto Scaling Developer Guide</i>.</p>",
      "refs": {
        "LifecycleHooks$member": null
      }
    },
    "LifecycleHookNames": {
      "base": null,
      "refs": {
        "DescribeLifecycleHooksType$LifecycleHookNames": "<p>The names of one or more lifecycle hooks.</p>"
      }
    },
    "LifecycleHooks": {
      "base": null,
      "refs": {
        "DescribeLifecycleHooksAnswer$LifecycleHooks": "<p>The lifecycle hooks for the specified group.</p>"
      }
    },
    "LifecycleState": {
      "base": null,
      "refs": {
        "Instance$LifecycleState": "<p>A description of the current lifecycle state. Note that the <code>Quarantined</code> state is not used.</p>"
      }
    },
    "LifecycleTransition": {
      "base": null,
      "refs": {
        "LifecycleHook$LifecycleTransition": "<p>The state of the EC2 instance to which you want to attach the lifecycle hook. For a list of lifecycle hook types, see <a>DescribeLifecycleHookTypes</a>.</p>",
        "PutLifecycleHookType$LifecycleTransition": "<p>The instance state to which you want to attach the lifecycle hook. For a list of lifecycle hook types, see <a>DescribeLifecycleHookTypes</a>.</p> <p>This parameter is required for new lifecycle hooks, but optional when updating existing hooks.</p>"
      }
    },
    "LimitExceededFault": {
      "base": "<p>You have already reached a limit for your Auto Scaling resources (for example, groups, launch configurations, or lifecycle hooks). For more information, see <a>DescribeAccountLimits</a>.</p>",
      "refs": {
      }
    },
    "LoadBalancerNames": {
      "base": null,
      "refs": {
        "AttachLoadBalancersType$LoadBalancerNames": "<p>One or more load balancer names.</p>",
        "AutoScalingGroup$LoadBalancerNames": "<p>One or more load balancers associated with the group.</p>",
        "CreateAutoScalingGroupType$LoadBalancerNames": "<p>One or more load balancers.</p> <p>For more information, see <a href=\"http://docs.aws.amazon.com/AutoScaling/latest/DeveloperGuide/US_SetUpASLBApp.html\">Load Balance Your Auto Scaling Group</a> in the <i>Auto Scaling Developer Guide</i>.</p>",
        "DetachLoadBalancersType$LoadBalancerNames": "<p>One or more load balancer names.</p>"
      }
    },
    "LoadBalancerState": {
      "base": "<p>Describes the state of a load balancer.</p>",
      "refs": {
        "LoadBalancerStates$member": null
      }
    },
    "LoadBalancerStates": {
      "base": null,
      "refs": {
        "DescribeLoadBalancersResponse$LoadBalancers": "<p>The load balancers.</p>"
      }
    },
    "MaxNumberOfAutoScalingGroups": {
      "base": null,
      "refs": {
        "DescribeAccountLimitsAnswer$MaxNumberOfAutoScalingGroups": "<p>The maximum number of groups allowed for your AWS account. The default limit is 20 per region.</p>"
      }
    },
    "MaxNumberOfLaunchConfigurations": {
      "base": null,
      "refs": {
        "DescribeAccountLimitsAnswer$MaxNumberOfLaunchConfigurations": "<p>The maximum number of launch configurations allowed for your AWS account. The default limit is 100 per region.</p>"
      }
    },
    "MaxRecords": {
      "base": null,
      "refs": {
        "AutoScalingGroupNamesType$MaxRecords": "<p>The maximum number of items to return with this call.</p>",
        "DescribeAutoScalingInstancesType$MaxRecords": "<p>The maximum number of items to return with this call.</p>",
        "DescribeLoadBalancersRequest$MaxRecords": "<p>The maximum number of items to return with this call.</p>",
        "DescribeNotificationConfigurationsType$MaxRecords": "<p>The maximum number of items to return with this call.</p>",
        "DescribePoliciesType$MaxRecords": "<p>The maximum number of items to be returned with each call.</p>",
        "DescribeScalingActivitiesType$MaxRecords": "<p>The maximum number of items to return with this call.</p>",
        "DescribeScheduledActionsType$MaxRecords": "<p>The maximum number of items to return with this call.</p>",
        "DescribeTagsType$MaxRecords": "<p>The maximum number of items to return with this call.</p>",
        "LaunchConfigurationNamesType$MaxRecords": "<p>The maximum number of items to return with this call. The default is 100.</p>"
      }
    },
    "MetricCollectionType": {
      "base": "<p>Describes a metric.</p>",
      "refs": {
        "MetricCollectionTypes$member": null
      }
    },
    "MetricCollectionTypes": {
      "base": null,
      "refs": {
        "DescribeMetricCollectionTypesAnswer$Metrics": "<p>One or more metrics.</p>"
      }
    },
    "MetricGranularityType": {
      "base": "<p>Describes a granularity of a metric.</p>",
      "refs": {
        "MetricGranularityTypes$member": null
      }
    },
    "MetricGranularityTypes": {
      "base": null,
      "refs": {
        "DescribeMetricCollectionTypesAnswer$Granularities": "<p>The granularities for the metrics.</p>"
      }
    },
    "Metrics": {
      "base": null,
      "refs": {
        "DisableMetricsCollectionQuery$Metrics": "<p>One or more metrics. If you omit this parameter, all metrics are disabled.</p> <ul> <li><p><code>GroupMinSize</code></p></li> <li><p><code>GroupMaxSize</code></p></li> <li><p><code>GroupDesiredCapacity</code></p></li> <li><p><code>GroupInServiceInstances</code></p></li> <li><p><code>GroupPendingInstances</code></p></li> <li><p><code>GroupStandbyInstances</code></p></li> <li><p><code>GroupTerminatingInstances</code></p></li> <li><p><code>GroupTotalInstances</code></p></li> </ul>",
        "EnableMetricsCollectionQuery$Metrics": "<p>One or more metrics. If you omit this parameter, all metrics are enabled.</p> <ul> <li><p><code>GroupMinSize</code></p></li> <li><p><code>GroupMaxSize</code></p></li> <li><p><code>GroupDesiredCapacity</code></p></li> <li><p><code>GroupInServiceInstances</code></p></li> <li><p><code>GroupPendingInstances</code></p></li> <li><p><code>GroupStandbyInstances</code></p></li> <li><p><code>GroupTerminatingInstances</code></p></li> <li><p><code>GroupTotalInstances</code></p></li> </ul> <p>Note that the <code>GroupStandbyInstances</code> metric is not enabled by default. You must explicitly request this metric.</p>"
      }
    },
    "MinAdjustmentStep": {
      "base": null,
      "refs": {
        "PutScalingPolicyType$MinAdjustmentStep": "<p>Used with <code>AdjustmentType</code> with the value <code>PercentChangeInCapacity</code>, the scaling policy changes the <code>DesiredCapacity</code> of the Auto Scaling group by at least the number of instances specified in the value. </p> <p>You will get a <code>ValidationError</code> if you use <code>MinAdjustmentStep</code> on a policy with an <code>AdjustmentType</code> other than <code>PercentChangeInCapacity</code>.</p>",
        "ScalingPolicy$MinAdjustmentStep": "<p>Changes the <code>DesiredCapacity</code> of the Auto Scaling group by at least the specified number of instances.</p>"
      }
    },
    "MonitoringEnabled": {
      "base": null,
      "refs": {
        "InstanceMonitoring$Enabled": "<p>If <code>True</code>, instance monitoring is enabled.</p>"
      }
    },
    "NoDevice": {
      "base": null,
      "refs": {
        "BlockDeviceMapping$NoDevice": "<p>Suppresses a device mapping.</p> <p>If <code>NoDevice</code> is set to <code>true</code> for the root device, the instance might fail the EC2 health check. Auto Scaling launches a replacement instance if the instance fails the health check.</p>"
      }
    },
    "NotificationConfiguration": {
      "base": "<p>Describes a notification.</p>",
      "refs": {
        "NotificationConfigurations$member": null
      }
    },
    "NotificationConfigurations": {
      "base": null,
      "refs": {
        "DescribeNotificationConfigurationsAnswer$NotificationConfigurations": "<p>The notification configurations.</p>"
      }
    },
    "PoliciesType": {
      "base": null,
      "refs": {
      }
    },
    "PolicyARNType": {
      "base": null,
      "refs": {
      }
    },
    "PolicyIncrement": {
      "base": null,
      "refs": {
        "PutScalingPolicyType$ScalingAdjustment": "<p>The number of instances by which to scale. <code>AdjustmentType</code> determines the interpretation of this number (for example, as an absolute number or as a percentage of the existing Auto Scaling group size). A positive increment adds to the current capacity and a negative value removes from the current capacity.</p>",
        "ScalingPolicy$ScalingAdjustment": "<p>The number associated with the specified adjustment type. A positive value adds to the current capacity and a negative value removes from the current capacity.</p>"
      }
    },
    "PolicyNames": {
      "base": null,
      "refs": {
        "DescribePoliciesType$PolicyNames": "<p>One or more policy names or policy ARNs to be described. If you omit this list, all policy names are described. If an group name is provided, the results are limited to that group. This list is limited to 50 items. If you specify an unknown policy name, it is ignored with no error.</p>"
      }
    },
    "ProcessNames": {
      "base": null,
      "refs": {
        "ScalingProcessQuery$ScalingProcesses": "<p>One or more of the following processes:</p> <ul> <li><p><code>Launch</code></p></li> <li><p><code>Terminate</code></p></li> <li><p><code>HealthCheck</code></p></li> <li><p><code>ReplaceUnhealthy</code></p></li> <li><p><code>AZRebalance</code></p></li> <li><p><code>AlarmNotification</code></p></li> <li><p><code>ScheduledActions</code></p></li> <li><p><code>AddToLoadBalancer</code></p></li> </ul>"
      }
    },
    "ProcessType": {
      "base": "<p>Describes a process type.</p> <p>For more information, see <a href=\"http://docs.aws.amazon.com/AutoScaling/latest/DeveloperGuide/US_SuspendResume.html#process-types\">Auto Scaling Processes</a> in the <i>Auto Scaling Developer Guide</i>.</p>",
      "refs": {
        "Processes$member": null
      }
    },
    "Processes": {
      "base": null,
      "refs": {
        "ProcessesType$Processes": "<p>The names of the process types.</p>"
      }
    },
    "ProcessesType": {
      "base": null,
      "refs": {
      }
    },
    "Progress": {
      "base": null,
      "refs": {
        "Activity$Progress": "<p>A value between 0 and 100 that indicates the progress of the activity.</p>"
      }
    },
    "PropagateAtLaunch": {
      "base": null,
      "refs": {
        "Tag$PropagateAtLaunch": "<p>Determines whether the tag is added to new instances as they are launched in the group.</p>",
        "TagDescription$PropagateAtLaunch": "<p>Determines whether the tag is added to new instances as they are launched in the group.</p>"
      }
    },
    "PutLifecycleHookAnswer": {
      "base": null,
      "refs": {
      }
    },
    "PutLifecycleHookType": {
      "base": null,
      "refs": {
      }
    },
    "PutNotificationConfigurationType": {
      "base": null,
      "refs": {
      }
    },
    "PutScalingPolicyType": {
      "base": null,
      "refs": {
      }
    },
    "PutScheduledUpdateGroupActionType": {
      "base": null,
      "refs": {
      }
    },
    "RecordLifecycleActionHeartbeatAnswer": {
      "base": null,
      "refs": {
      }
    },
    "RecordLifecycleActionHeartbeatType": {
      "base": null,
      "refs": {
      }
    },
    "ResourceContentionFault": {
      "base": "<p>You already have a pending update to an Auto Scaling resource (for example, a group, instance, or load balancer).</p>",
      "refs": {
      }
    },
    "ResourceInUseFault": {
      "base": "<p>The Auto Scaling group or launch configuration can't be deleted because it is in use.</p>",
      "refs": {
      }
    },
    "ResourceName": {
      "base": null,
      "refs": {
        "Alarm$AlarmARN": "<p>The Amazon Resource Name (ARN) of the alarm.</p>",
        "AttachInstancesQuery$AutoScalingGroupName": "<p>The name of the group.</p>",
        "AttachLoadBalancersType$AutoScalingGroupName": "<p>The name of the group.</p>",
        "AutoScalingGroup$AutoScalingGroupARN": "<p>The Amazon Resource Name (ARN) of the group.</p>",
        "AutoScalingGroupNames$member": null,
        "CompleteLifecycleActionType$AutoScalingGroupName": "<p>The name of the group for the lifecycle hook.</p>",
        "CreateAutoScalingGroupType$LaunchConfigurationName": "<p>The name of the launch configuration. Alternatively, use the <code>InstanceId</code> parameter to specify an EC2 instance instead of a launch configuration.</p>",
        "DeleteAutoScalingGroupType$AutoScalingGroupName": "<p>The name of the group to delete.</p>",
        "DeleteLifecycleHookType$AutoScalingGroupName": "<p>The name of the Auto Scaling group for the lifecycle hook.</p>",
        "DeleteNotificationConfigurationType$AutoScalingGroupName": "<p>The name of the Auto Scaling group.</p>",
        "DeleteNotificationConfigurationType$TopicARN": "<p>The Amazon Resource Name (ARN) of the Amazon Simple Notification Service (SNS) topic.</p>",
        "DeletePolicyType$AutoScalingGroupName": "<p>The name of the Auto Scaling group.</p>",
        "DeletePolicyType$PolicyName": "<p>The name or Amazon Resource Name (ARN) of the policy.</p>",
        "DeleteScheduledActionType$AutoScalingGroupName": "<p>The name of the Auto Scaling group.</p>",
        "DeleteScheduledActionType$ScheduledActionName": "<p>The name of the action to delete.</p>",
        "DescribeLifecycleHooksType$AutoScalingGroupName": "<p>The name of the group.</p>",
        "DescribeLoadBalancersRequest$AutoScalingGroupName": "<p>The name of the group.</p>",
        "DescribePoliciesType$AutoScalingGroupName": "<p>The name of the group.</p>",
        "DescribeScalingActivitiesType$AutoScalingGroupName": "<p>The name of the group.</p>",
        "DescribeScheduledActionsType$AutoScalingGroupName": "<p>The name of the group.</p>",
        "DetachInstancesQuery$AutoScalingGroupName": "<p>The name of the group.</p>",
        "DetachLoadBalancersType$AutoScalingGroupName": "<p>The name of the group.</p>",
        "DisableMetricsCollectionQuery$AutoScalingGroupName": "<p>The name or Amazon Resource Name (ARN) of the group.</p>",
        "EnableMetricsCollectionQuery$AutoScalingGroupName": "<p>The name or ARN of the Auto Scaling group.</p>",
        "EnterStandbyQuery$AutoScalingGroupName": "<p>The name of the Auto Scaling group.</p>",
        "ExecutePolicyType$AutoScalingGroupName": "<p>The name or Amazon Resource Name (ARN) of the Auto Scaling group.</p>",
        "ExecutePolicyType$PolicyName": "<p>The name or ARN of the policy.</p>",
        "ExitStandbyQuery$AutoScalingGroupName": "<p>The name of the Auto Scaling group.</p>",
        "LaunchConfiguration$LaunchConfigurationARN": "<p>The Amazon Resource Name (ARN) of the launch configuration.</p>",
        "LaunchConfigurationNameType$LaunchConfigurationName": "<p>The name of the launch configuration.</p>",
        "LaunchConfigurationNames$member": null,
        "LifecycleHook$AutoScalingGroupName": "<p>The name of the Auto Scaling group for the lifecycle hook.</p>",
        "LifecycleHook$NotificationTargetARN": "<p>The ARN of the notification target that Auto Scaling uses to notify you when an instance is in the transition state for the lifecycle hook. This ARN target can be either an SQS queue or an SNS topic. The notification message sent to the target includes the following:</p> <ul> <li>Lifecycle action token</li> <li>User account ID</li> <li>Name of the Auto Scaling group</li> <li>Lifecycle hook name</li> <li>EC2 instance ID</li> <li>Lifecycle transition</li> <li>Notification metadata</li> </ul>",
        "LifecycleHook$RoleARN": "<p>The ARN of the IAM role that allows the Auto Scaling group to publish to the specified notification target.</p>",
        "NotificationConfiguration$AutoScalingGroupName": "<p>The name of the group.</p>",
        "NotificationConfiguration$TopicARN": "<p>The Amazon Resource Name (ARN) of the Amazon Simple Notification Service (SNS) topic.</p>",
        "PolicyARNType$PolicyARN": "<p>The Amazon Resource Name (ARN) of the policy.</p>",
        "PolicyNames$member": null,
        "PutLifecycleHookType$AutoScalingGroupName": "<p>The name of the Auto Scaling group to which you want to assign the lifecycle hook.</p>",
        "PutLifecycleHookType$RoleARN": "<p>The ARN of the IAM role that allows the Auto Scaling group to publish to the specified notification target.</p> <p>This parameter is required for new lifecycle hooks, but optional when updating existing hooks.</p>",
        "PutLifecycleHookType$NotificationTargetARN": "<p>The ARN of the notification target that Auto Scaling will use to notify you when an instance is in the transition state for the lifecycle hook. This ARN target can be either an SQS queue or an SNS topic. </p> <p>This parameter is required for new lifecycle hooks, but optional when updating existing hooks.</p> <p>The notification message sent to the target will include:</p> <ul> <li> <b>LifecycleActionToken</b>. The Lifecycle action token.</li> <li> <b>AccountId</b>. The user account ID.</li> <li> <b>AutoScalingGroupName</b>. The name of the Auto Scaling group.</li> <li> <b>LifecycleHookName</b>. The lifecycle hook name.</li> <li> <b>EC2InstanceId</b>. The EC2 instance ID.</li> <li> <b>LifecycleTransition</b>. The lifecycle transition.</li> <li> <b>NotificationMetadata</b>. The notification metadata.</li> </ul> <p>This operation uses the JSON format when sending notifications to an Amazon SQS queue, and an email key/value pair format when sending notifications to an Amazon SNS topic.</p> <p>When you call this operation, a test message is sent to the notification target. This test message contains an additional key/value pair: <code>Event:autoscaling:TEST_NOTIFICATION</code>.</p>",
        "PutNotificationConfigurationType$AutoScalingGroupName": "<p>The name of the Auto Scaling group.</p>",
        "PutNotificationConfigurationType$TopicARN": "<p> The Amazon Resource Name (ARN) of the Amazon Simple Notification Service (SNS) topic. </p>",
        "PutScalingPolicyType$AutoScalingGroupName": "<p>The name or ARN of the group.</p>",
        "PutScheduledUpdateGroupActionType$AutoScalingGroupName": "<p>The name or Amazon Resource Name (ARN) of the Auto Scaling group.</p>",
        "RecordLifecycleActionHeartbeatType$AutoScalingGroupName": "<p>The name of the Auto Scaling group for the hook.</p>",
        "ScalingPolicy$PolicyARN": "<p>The Amazon Resource Name (ARN) of the policy.</p>",
        "ScalingProcessQuery$AutoScalingGroupName": "<p>The name or Amazon Resource Name (ARN) of the Auto Scaling group.</p>",
        "ScheduledActionNames$member": null,
        "ScheduledUpdateGroupAction$ScheduledActionARN": "<p>The Amazon Resource Name (ARN) of the scheduled action.</p>",
        "SetDesiredCapacityType$AutoScalingGroupName": "<p>The name of the Auto Scaling group.</p>",
        "UpdateAutoScalingGroupType$AutoScalingGroupName": "<p>The name of the Auto Scaling group.</p>",
        "UpdateAutoScalingGroupType$LaunchConfigurationName": "<p>The name of the launch configuration.</p>"
      }
    },
    "ScalingActivityInProgressFault": {
      "base": "<p>The Auto Scaling group can't be deleted because there are scaling activities in progress.</p>",
      "refs": {
      }
    },
    "ScalingActivityStatusCode": {
      "base": null,
      "refs": {
        "Activity$StatusCode": "<p>The current status of the activity.</p>"
      }
    },
    "ScalingPolicies": {
      "base": null,
      "refs": {
        "PoliciesType$ScalingPolicies": "<p>The scaling policies.</p>"
      }
    },
    "ScalingPolicy": {
      "base": "<p>Describes a scaling policy.</p>",
      "refs": {
        "ScalingPolicies$member": null
      }
    },
    "ScalingProcessQuery": {
      "base": null,
      "refs": {
      }
    },
    "ScheduledActionNames": {
      "base": null,
      "refs": {
        "DescribeScheduledActionsType$ScheduledActionNames": "<p>Describes one or more scheduled actions. If you omit this list, the call describes all scheduled actions. If you specify an unknown scheduled action it is ignored with no error.</p> <p>You can describe up to a maximum of 50 instances with a single call. If there are more items to return, the call returns a token. To get the next set of items, repeat the call with the returned token in the <code>NextToken</code> parameter.</p>"
      }
    },
    "ScheduledActionsType": {
      "base": null,
      "refs": {
      }
    },
    "ScheduledUpdateGroupAction": {
      "base": "<p>Describes a scheduled update to an Auto Scaling group.</p>",
      "refs": {
        "ScheduledUpdateGroupActions$member": null
      }
    },
    "ScheduledUpdateGroupActions": {
      "base": null,
      "refs": {
        "ScheduledActionsType$ScheduledUpdateGroupActions": "<p>The scheduled actions.</p>"
      }
    },
    "SecurityGroups": {
      "base": null,
      "refs": {
        "CreateLaunchConfigurationType$SecurityGroups": "<p>One or more security groups with which to associate the instances.</p> <p>If your instances are launched in EC2-Classic, you can either specify security group names or the security group IDs. For more information about security groups for EC2-Classic, see <a href=\"http://docs.aws.amazon.com/AWSEC2/latest/UserGuide/using-network-security.html\">Amazon EC2 Security Groups</a> in the <i>Amazon Elastic Compute Cloud User Guide</i>.</p> <p>If your instances are launched into a VPC, specify security group IDs. For more information, see <a href=\"http://docs.aws.amazon.com/AmazonVPC/latest/UserGuide/VPC_SecurityGroups.html\">Security Groups for Your VPC</a> in the <i>Amazon Virtual Private Cloud User Guide</i>.</p>",
        "LaunchConfiguration$SecurityGroups": "<p>The security groups to associate with the instances.</p>"
      }
    },
    "SetDesiredCapacityType": {
      "base": null,
      "refs": {
      }
    },
    "SetInstanceHealthQuery": {
      "base": null,
      "refs": {
      }
    },
    "ShouldDecrementDesiredCapacity": {
      "base": null,
      "refs": {
        "DetachInstancesQuery$ShouldDecrementDesiredCapacity": "<p>If <code>True</code>, the Auto Scaling group decrements the desired capacity value by the number of instances detached.</p>",
        "EnterStandbyQuery$ShouldDecrementDesiredCapacity": "<p>Specifies whether the instances moved to <code>Standby</code> mode count as part of the Auto Scaling group's desired capacity. If set, the desired capacity for the Auto Scaling group decrements by the number of instances moved to <code>Standby</code> mode.</p>",
        "TerminateInstanceInAutoScalingGroupType$ShouldDecrementDesiredCapacity": "<p>If <code>true</code>, terminating this instance also decrements the size of the Auto Scaling group.</p>"
      }
    },
    "ShouldRespectGracePeriod": {
      "base": null,
      "refs": {
        "SetInstanceHealthQuery$ShouldRespectGracePeriod": "<p>If the Auto Scaling group of the specified instance has a <code>HealthCheckGracePeriod</code> specified for the group, by default, this call will respect the grace period. Set this to <code>False</code>, if you do not want the call to respect the grace period associated with the group.</p> <p>For more information, see the <code>HealthCheckGracePeriod</code> parameter description for <a>CreateAutoScalingGroup</a>.</p>"
      }
    },
    "SpotPrice": {
      "base": null,
      "refs": {
        "CreateLaunchConfigurationType$SpotPrice": "<p>The maximum hourly price to be paid for any Spot Instance launched to fulfill the request. Spot Instances are launched when the price you specify exceeds the current Spot market price. For more information, see <a href=\"http://docs.aws.amazon.com/AutoScaling/latest/DeveloperGuide/US-SpotInstances.html\">Launch Spot Instances in Your Auto Scaling Group</a> in the <i>Auto Scaling Developer Guide</i>.</p>",
        "LaunchConfiguration$SpotPrice": "<p>The price to bid when launching Spot Instances.</p>"
      }
    },
    "SuspendedProcess": {
      "base": "<p>Describes an Auto Scaling process that has been suspended. For more information, see <a>ProcessType</a>.</p>",
      "refs": {
        "SuspendedProcesses$member": null
      }
    },
    "SuspendedProcesses": {
      "base": null,
      "refs": {
        "AutoScalingGroup$SuspendedProcesses": "<p>The suspended processes associated with the group.</p>"
      }
    },
    "Tag": {
      "base": "<p>Describes a tag for an Auto Scaling group.</p>",
      "refs": {
        "Tags$member": null
      }
    },
    "TagDescription": {
      "base": "<p>Describes a tag for an Auto Scaling group.</p>",
      "refs": {
        "TagDescriptionList$member": null
      }
    },
    "TagDescriptionList": {
      "base": null,
      "refs": {
        "AutoScalingGroup$Tags": "<p>The tags for the group.</p>",
        "TagsType$Tags": "<p>The tags.</p>"
      }
    },
    "TagKey": {
      "base": null,
      "refs": {
        "Tag$Key": "<p>The tag key.</p>",
        "TagDescription$Key": "<p>The tag key.</p>"
      }
    },
    "TagValue": {
      "base": null,
      "refs": {
        "Tag$Value": "<p>The tag value.</p>",
        "TagDescription$Value": "<p>The tag value.</p>"
      }
    },
    "Tags": {
      "base": null,
      "refs": {
        "CreateAutoScalingGroupType$Tags": "<p>The tag to be created or updated. Each tag should be defined by its resource type, resource ID, key, value, and a propagate flag. Valid values: key=<i>value</i>, value=<i>value</i>, propagate=<i>true</i> or <i>false</i>. Value and propagate are optional parameters.</p> <p>For more information, see <a href=\"http://docs.aws.amazon.com/AutoScaling/latest/DeveloperGuide/ASTagging.html\">Tagging Auto Scaling Groups and Instances</a> in the <i>Auto Scaling Developer Guide</i>.</p>",
        "CreateOrUpdateTagsType$Tags": "<p>One or more tags.</p>",
        "DeleteTagsType$Tags": "<p>Each tag should be defined by its resource type, resource ID, key, value, and a propagate flag. Valid values are: Resource type = <i>auto-scaling-group</i>, Resource ID = <i>AutoScalingGroupName</i>, key=<i>value</i>, value=<i>value</i>, propagate=<i>true</i> or <i>false</i>.</p>"
      }
    },
    "TagsType": {
      "base": null,
      "refs": {
      }
    },
    "TerminateInstanceInAutoScalingGroupType": {
      "base": null,
      "refs": {
      }
    },
    "TerminationPolicies": {
      "base": null,
      "refs": {
        "AutoScalingGroup$TerminationPolicies": "<p>The termination policies for the group.</p>",
        "CreateAutoScalingGroupType$TerminationPolicies": "<p>One or more termination policies used to select the instance to terminate. These policies are executed in the order that they are listed.</p> <p>For more information, see <a href=\"http://docs.aws.amazon.com/AutoScaling/latest/DeveloperGuide/us-termination-policy.html\">Choosing a Termination Policy for Your Auto Scaling Group</a> in the <i>Auto Scaling Developer Guide</i>.</p>",
        "DescribeTerminationPolicyTypesAnswer$TerminationPolicyTypes": "<p>The termination policies supported by Auto Scaling (<code>OldestInstance</code>, <code>OldestLaunchConfiguration</code>, <code>NewestInstance</code>, <code>ClosestToNextInstanceHour</code>, and <code>Default</code>).</p>",
        "UpdateAutoScalingGroupType$TerminationPolicies": "<p> A standalone termination policy or a list of termination policies used to select the instance to terminate. The policies are executed in the order that they are listed. </p> <p>For more information, see <a href=\"http://docs.aws.amazon.com/AutoScaling/latest/DeveloperGuide/us-termination-policy.html\">Choosing a Termination Policy for Your Auto Scaling Group</a> in the <i>Auto Scaling Developer Guide</i>.</p>"
      }
    },
    "TimestampType": {
      "base": null,
      "refs": {
        "Activity$StartTime": "<p>The start time of the activity.</p>",
        "Activity$EndTime": "<p>The end time of the activity.</p>",
        "AutoScalingGroup$CreatedTime": "<p>The date and time the group was created.</p>",
        "DescribeScheduledActionsType$StartTime": "<p>The earliest scheduled start time to return. If scheduled action names are provided, this parameter is ignored.</p>",
        "DescribeScheduledActionsType$EndTime": "<p>The latest scheduled start time to return. If scheduled action names are provided, this parameter is ignored.</p>",
        "LaunchConfiguration$CreatedTime": "<p>The creation date and time for the launch configuration.</p>",
        "PutScheduledUpdateGroupActionType$Time": "<p><code>Time</code> is deprecated; use <code>StartTime</code> instead.</p> <p>The time for this action to start. If both <code>Time</code> and <code>StartTime</code> are specified, their values must be identical.</p>",
        "PutScheduledUpdateGroupActionType$StartTime": "<p>The time for this action to start, in \"YYYY-MM-DDThh:mm:ssZ\" format in UTC/GMT only (for example, <code>2014-06-01T00:00:00Z</code>).</p> <p>If you try to schedule your action in the past, Auto Scaling returns an error message. </p> <p>When <code>StartTime</code> and <code>EndTime</code> are specified with <code>Recurrence</code>, they form the boundaries of when the recurring action starts and stops.</p>",
        "PutScheduledUpdateGroupActionType$EndTime": "<p>The time for this action to end.</p>",
        "ScheduledUpdateGroupAction$Time": "<p><code>Time</code> is deprecated; use <code>StartTime</code> instead.</p>",
        "ScheduledUpdateGroupAction$StartTime": "<p>The time that the action is scheduled to begin. This value can be up to one month in the future.</p> <p>When <code>StartTime</code> and <code>EndTime</code> are specified with <code>Recurrence</code>, they form the boundaries of when the recurring action will start and stop.</p>",
        "ScheduledUpdateGroupAction$EndTime": "<p>The time that the action is scheduled to end. This value can be up to one month in the future.</p>"
      }
    },
    "UpdateAutoScalingGroupType": {
      "base": null,
      "refs": {
      }
    },
    "Values": {
      "base": null,
      "refs": {
        "Filter$Values": "<p>The value of the filter.</p>"
      }
    },
    "XmlString": {
      "base": null,
      "refs": {
        "ActivitiesType$NextToken": "<p>The token to use when requesting the next set of items. If there are no additional items to return, the string is empty.</p>",
        "Activity$ActivityId": "<p>The ID of the activity.</p>",
        "Activity$Description": "<p>A friendly, more verbose description of the activity.</p>",
        "Activity$Details": "<p>The details about the activity.</p>",
        "ActivityIds$member": null,
        "AutoScalingGroupNamesType$NextToken": "<p>The token for the next set of items to return. (You received this token from a previous call.)</p>",
        "AutoScalingGroupsType$NextToken": "<p>The token to use when requesting the next set of items. If there are no additional items to return, the string is empty.</p>",
        "AutoScalingInstancesType$NextToken": "<p>The token to use when requesting the next set of items. If there are no additional items to return, the string is empty.</p>",
        "DescribeAutoScalingInstancesType$NextToken": "<p>The token for the next set of items to return. (You received this token from a previous call.)</p>",
        "DescribeLoadBalancersRequest$NextToken": "<p>The token for the next set of items to return. (You received this token from a previous call.)</p>",
        "DescribeLoadBalancersResponse$NextToken": "<p>The token to use when requesting the next set of items. If there are no additional items to return, the string is empty.</p>",
        "DescribeNotificationConfigurationsAnswer$NextToken": "<p>The token to use when requesting the next set of items. If there are no additional items to return, the string is empty.</p>",
        "DescribeNotificationConfigurationsType$NextToken": "<p>The token for the next set of items to return. (You received this token from a previous call.)</p>",
        "DescribePoliciesType$NextToken": "<p>The token for the next set of items to return. (You received this token from a previous call.)</p>",
        "DescribeScalingActivitiesType$NextToken": "<p>The token for the next set of items to return. (You received this token from a previous call.)</p>",
        "DescribeScheduledActionsType$NextToken": "<p>The token for the next set of items to return. (You received this token from a previous call.)</p>",
        "DescribeTagsType$NextToken": "<p>The token for the next set of items to return. (You received this token from a previous call.)</p>",
        "Filter$Name": "<p>The name of the filter. The valid values are: <code>\"auto-scaling-group\"</code>, <code>\"key\"</code>, <code>\"value\"</code>, and <code>\"propagate-at-launch\"</code>.</p>",
        "LaunchConfigurationNamesType$NextToken": "<p>The token for the next set of items to return. (You received this token from a previous call.)</p>",
        "LaunchConfigurationsType$NextToken": "<p>The token to use when requesting the next set of items. If there are no additional items to return, the string is empty.</p>",
        "PoliciesType$NextToken": "<p>The token to use when requesting the next set of items. If there are no additional items to return, the string is empty.</p>",
        "ScheduledActionsType$NextToken": "<p>The token to use when requesting the next set of items. If there are no additional items to return, the string is empty.</p>",
        "SecurityGroups$member": null,
        "Tag$ResourceId": "<p>The name of the group.</p>",
        "Tag$ResourceType": "<p>The type of resource. The only supported value is <code>auto-scaling-group</code>.</p>",
        "TagDescription$ResourceId": "<p>The name of the group.</p>",
        "TagDescription$ResourceType": "<p>The type of resource. The only supported value is <code>auto-scaling-group</code>.</p>",
        "TagsType$NextToken": "<p>The token to use when requesting the next set of items. If there are no additional items to return, the string is empty.</p>",
        "Values$member": null
      }
    },
    "XmlStringMaxLen1023": {
      "base": null,
      "refs": {
        "Activity$Cause": "<p>The reason the activity began.</p>",
        "LifecycleHook$NotificationMetadata": "<p>Additional information that you want to include any time Auto Scaling sends a message to the notification target.</p>",
        "PutLifecycleHookType$NotificationMetadata": "<p>Contains additional information that you want to include any time Auto Scaling sends a message to the notification target.</p>"
      }
    },
    "XmlStringMaxLen16": {
      "base": null,
      "refs": {
        "AutoScalingInstanceDetails$InstanceId": "<p>The ID of the instance.</p>",
        "CreateAutoScalingGroupType$InstanceId": "<p>The ID of the EC2 instance used to create a launch configuration for the group. Alternatively, use the <code>LaunchConfigurationName</code> parameter to specify a launch configuration instead of an EC2 instance.</p> <p>When you specify an ID of an instance, Auto Scaling creates a new launch configuration and associates it with the group. This launch configuration derives its attributes from the specified instance, with the exception of the block device mapping.</p> <p>For more information, see <a href=\"http://docs.aws.amazon.com/AutoScaling/latest/DeveloperGuide/create-asg-from-instance.html\">Create an Auto Scaling Group from an EC2 Instance</a> in the <i>Auto Scaling Developer Guide</i>.</p>",
        "CreateLaunchConfigurationType$InstanceId": "<p>The ID of the EC2 instance to use to create the launch configuration.</p> <p>The new launch configuration derives attributes from the instance, with the exception of the block device mapping.</p> <p>To create a launch configuration with a block device mapping or override any other instance attributes, specify them as part of the same request.</p> <p>For more information, see <a href=\"http://docs.aws.amazon.com/AutoScaling/latest/DeveloperGuide/create-lc-with-instanceID.html\">Create a Launch Configuration Using an EC2 Instance</a> in the <i>Auto Scaling Developer Guide</i>.</p>",
        "Instance$InstanceId": "<p>The ID of the instance.</p>",
        "InstanceIds$member": null,
        "SetInstanceHealthQuery$InstanceId": "<p>The ID of the EC2 instance.</p>",
        "TerminateInstanceInAutoScalingGroupType$InstanceId": "<p>The ID of the EC2 instance.</p>"
      }
    },
    "XmlStringMaxLen1600": {
      "base": null,
      "refs": {
        "CreateLaunchConfigurationType$IamInstanceProfile": "<p>The name or the Amazon Resource Name (ARN) of the instance profile associated with the IAM role for the instance.</p> <p>EC2 instances launched with an IAM role will automatically have AWS security credentials available. You can use IAM roles with Auto Scaling to automatically enable applications running on your EC2 instances to securely access other AWS resources. For more information, see <a href=\"http://docs.aws.amazon.com/AutoScaling/latest/DeveloperGuide/us-iam-role.html\">Launch Auto Scaling Instances with an IAM Role</a> in the <i>Auto Scaling Developer Guide</i>.</p>",
        "LaunchConfiguration$IamInstanceProfile": "<p>The name or Amazon Resource Name (ARN) of the instance profile associated with the IAM role for the instance.</p>",
        "TerminationPolicies$member": null
      }
    },
    "XmlStringMaxLen255": {
      "base": null,
      "refs": {
        "Activity$AutoScalingGroupName": "<p>The name of the Auto Scaling group.</p>",
        "Activity$StatusMessage": "<p>A friendly, more verbose description of the activity status.</p>",
        "AdjustmentType$AdjustmentType": "<p>The policy adjustment type. The valid values are <code>ChangeInCapacity</code>, <code>ExactCapacity</code>, and <code>PercentChangeInCapacity</code>.</p>",
        "Alarm$AlarmName": "<p>The name of the alarm.</p>",
        "AlreadyExistsFault$message": null,
        "AutoScalingGroup$AutoScalingGroupName": "<p>The name of the group.</p>",
        "AutoScalingGroup$LaunchConfigurationName": "<p>The name of the associated launch configuration.</p>",
        "AutoScalingGroup$PlacementGroup": "<p>The name of the placement group into which you'll launch your instances, if any. For more information, see <a href=\"http://docs.aws.amazon.com/AWSEC2/latest/UserGuide/placement-groups.html\">Placement Groups</a>.</p>",
        "AutoScalingGroup$VPCZoneIdentifier": "<p>One or more subnet IDs, if applicable, separated by commas.</p> <p>If you specify <code>VPCZoneIdentifier</code> and <code>AvailabilityZones</code>, ensure that the Availability Zones of the subnets match the values for <code>AvailabilityZones</code>.</p>",
        "AutoScalingGroup$Status": "<p>The current state of the group when <a>DeleteAutoScalingGroup</a> is in progress.</p>",
        "AutoScalingInstanceDetails$AutoScalingGroupName": "<p>The name of the Auto Scaling group associated with the instance.</p>",
        "AutoScalingInstanceDetails$AvailabilityZone": "<p>The Availability Zone for the instance.</p>",
        "AutoScalingInstanceDetails$LaunchConfigurationName": "<p>The launch configuration associated with the instance.</p>",
        "AutoScalingNotificationTypes$member": null,
        "AvailabilityZones$member": null,
        "BlockDeviceMapping$VirtualName": "<p>The name of the virtual device, <code>ephemeral0</code> to <code>ephemeral3</code>.</p>",
        "BlockDeviceMapping$DeviceName": "<p>The device name exposed to the EC2 instance (for example, <code>/dev/sdh</code> or <code>xvdh</code>).</p>",
        "ClassicLinkVPCSecurityGroups$member": null,
        "CreateAutoScalingGroupType$AutoScalingGroupName": "<p>The name of the group. This name must be unique within the scope of your AWS account.</p>",
        "CreateAutoScalingGroupType$PlacementGroup": "<p>The name of the placement group into which you'll launch your instances, if any. For more information, see <a href=\"http://docs.aws.amazon.com/AWSEC2/latest/UserGuide/placement-groups.html\">Placement Groups</a> in the <i>Amazon Elastic Compute Cloud User Guide</i>.</p>",
        "CreateAutoScalingGroupType$VPCZoneIdentifier": "<p>A comma-separated list of subnet identifiers for your virtual private cloud (VPC).</p> <p>If you specify subnets and Availability Zones with this call, ensure that the subnets' Availability Zones match the Availability Zones specified.</p> <p>For more information, see <a href=\"http://docs.aws.amazon.com/AutoScaling/latest/DeveloperGuide/autoscalingsubnets.html\">Auto Scaling and Amazon Virtual Private Cloud</a> in the <i>Auto Scaling Developer Guide</i>.</p>",
        "CreateLaunchConfigurationType$LaunchConfigurationName": "<p>The name of the launch configuration. This name must be unique within the scope of your AWS account.</p>",
        "CreateLaunchConfigurationType$ImageId": "<p>The ID of the Amazon Machine Image (AMI) to use to launch your EC2 instances. For more information, see <a href=\"http://docs.aws.amazon.com/AWSEC2/latest/UserGuide/finding-an-ami.html\">Finding an AMI</a> in the <i>Amazon Elastic Compute Cloud User Guide</i>.</p>",
        "CreateLaunchConfigurationType$KeyName": "<p>The name of the key pair. For more information, see <a href=\"http://docs.aws.amazon.com/AWSEC2/latest/UserGuide/ec2-key-pairs.html\">Amazon EC2 Key Pairs</a> in the <i>Amazon Elastic Compute Cloud User Guide</i>.</p>",
        "CreateLaunchConfigurationType$ClassicLinkVPCId": "<p>The ID of a ClassicLink-enabled VPC to link your EC2-Classic instances to. This parameter can only be used if you are launching EC2-Classic instances. For more information, see <a href=\"http://docs.aws.amazon.com/AWSEC2/latest/UserGuide/vpc-classiclink.html\">ClassicLink</a> in the <i>Amazon Elastic Compute Cloud User Guide</i>.</p>",
        "CreateLaunchConfigurationType$InstanceType": "<p> The instance type of the EC2 instance. For information about available instance types, see <a href=\"http://docs.aws.amazon.com/AWSEC2/latest/UserGuide/instance-types.html#AvailableInstanceTypes\"> Available Instance Types</a> in the <i>Amazon Elastic Cloud Compute User Guide.</i> </p>",
        "CreateLaunchConfigurationType$KernelId": "<p> The ID of the kernel associated with the AMI. </p>",
        "CreateLaunchConfigurationType$RamdiskId": "<p> The ID of the RAM disk associated with the AMI. </p>",
        "Ebs$SnapshotId": "<p>The ID of the snapshot.</p>",
        "EnableMetricsCollectionQuery$Granularity": "<p>The granularity to associate with the metrics to collect. The only valid value is <code>1Minute</code>.</p>",
        "EnabledMetric$Metric": "<p>The name of the metric.</p> <ul> <li><p><code>GroupMinSize</code></p></li> <li><p><code>GroupMaxSize</code></p></li> <li><p><code>GroupDesiredCapacity</code></p></li> <li><p><code>GroupInServiceInstances</code></p></li> <li><p><code>GroupPendingInstances</code></p></li> <li><p><code>GroupStandbyInstances</code></p></li> <li><p><code>GroupTerminatingInstances</code></p></li> <li><p><code>GroupTotalInstances</code></p></li> </ul>",
        "EnabledMetric$Granularity": "<p>The granularity of the metric. The only valid value is <code>1Minute</code>.</p>",
        "Instance$AvailabilityZone": "<p>The Availability Zone in which the instance is running.</p>",
        "Instance$LaunchConfigurationName": "<p>The launch configuration associated with the instance.</p>",
        "InvalidNextToken$message": null,
        "LaunchConfiguration$LaunchConfigurationName": "<p>The name of the launch configuration.</p>",
        "LaunchConfiguration$ImageId": "<p>The ID of the Amazon Machine Image (AMI).</p>",
        "LaunchConfiguration$KeyName": "<p>The name of the key pair.</p>",
        "LaunchConfiguration$ClassicLinkVPCId": "<p>The ID of a ClassicLink-enabled VPC to link your EC2-Classic instances to. This parameter can only be used if you are launching EC2-Classic instances. For more information, see <a href=\"http://docs.aws.amazon.com/AWSEC2/latest/UserGuide/vpc-classiclink.html\">ClassicLink</a> in the <i>Amazon Elastic Compute Cloud User Guide</i>.</p>",
        "LaunchConfiguration$InstanceType": "<p>The instance type for the instances.</p>",
        "LaunchConfiguration$KernelId": "<p>The ID of the kernel associated with the AMI.</p>",
        "LaunchConfiguration$RamdiskId": "<p>The ID of the RAM disk associated with the AMI.</p>",
        "LimitExceededFault$message": null,
        "LoadBalancerNames$member": null,
        "LoadBalancerState$LoadBalancerName": "<p>The name of the load balancer.</p>",
        "LoadBalancerState$State": "<p>The state of the load balancer.</p> <ul> <li><p><code>Adding</code> - The instances in the group are being registered with the load balancer.</p></li> <li><p><code>Added</code> - All instances in the group are registered with the load balancer.</p></li> <li><p><code>InService</code> - At least one instance in the group passed an ELB health check.</p></li> <li><p><code>Removing</code> - The instances are being deregistered from the load balancer. If connection draining is enabled, Elastic Load Balancing waits for in-flight requests to complete before deregistering the instances.</p></li> </ul>",
        "MetricCollectionType$Metric": "<p>The metric.</p> <ul> <li><p><code>GroupMinSize</code></p></li> <li><p><code>GroupMaxSize</code></p></li> <li><p><code>GroupDesiredCapacity</code></p></li> <li><p><code>GroupInServiceInstances</code></p></li> <li><p><code>GroupPendingInstances</code></p></li> <li><p><code>GroupStandbyInstances</code></p></li> <li><p><code>GroupTerminatingInstances</code></p></li> <li><p><code>GroupTotalInstances</code></p></li> </ul>",
        "MetricGranularityType$Granularity": "<p>The granularity. The only valid value is <code>1Minute</code>.</p>",
        "Metrics$member": null,
        "NotificationConfiguration$NotificationType": "<p>The types of events for an action to start.</p> <ul> <li><p><code>autoscaling:EC2_INSTANCE_LAUNCH</code></p></li> <li><p><code>autoscaling:EC2_INSTANCE_LAUNCH_ERROR</code></p></li> <li><p><code>autoscaling:EC2_INSTANCE_TERMINATE</code></p></li> <li><p><code>autoscaling:EC2_INSTANCE_TERMINATE_ERROR</code></p></li> <li><p><code>autoscaling:TEST_NOTIFICATION</code></p></li> </ul>",
        "ProcessNames$member": null,
        "ProcessType$ProcessName": "<p>The name of the process.</p> <ul> <li><p><code>Launch</code></p></li> <li><p><code>Terminate</code></p></li> <li><p><code>AddToLoadBalancer</code></p></li> <li><p><code>AlarmNotification</code></p></li> <li><p><code>AZRebalance</code></p></li> <li><p><code>HealthCheck</code></p></li> <li><p><code>ReplaceUnhealthy</code></p></li> <li><p><code>ScheduledActions</code></p></li> </ul>",
        "PutScalingPolicyType$PolicyName": "<p>The name of the policy.</p>",
        "PutScalingPolicyType$AdjustmentType": "<p>The adjustment type. Valid values are <code>ChangeInCapacity</code>, <code>ExactCapacity</code>, and <code>PercentChangeInCapacity</code>.</p> <p>For more information, see <a href=\"http://docs.aws.amazon.com/AutoScaling/latest/DeveloperGuide/as-scale-based-on-demand.html\">Dynamic Scaling</a> in the <i>Auto Scaling Developer Guide</i>.</p>",
        "PutScheduledUpdateGroupActionType$ScheduledActionName": "<p>The name of this scaling action.</p>",
        "PutScheduledUpdateGroupActionType$Recurrence": "<p>The time when recurring future actions will start. Start time is specified by the user following the Unix cron syntax format. For more information, see <a href=\"http://en.wikipedia.org/wiki/Cron\">Cron</a> in Wikipedia.</p> <p>When <code>StartTime</code> and <code>EndTime</code> are specified with <code>Recurrence</code>, they form the boundaries of when the recurring action will start and stop.</p>",
        "ResourceContentionFault$message": null,
        "ResourceInUseFault$message": null,
        "ScalingActivityInProgressFault$message": null,
        "ScalingPolicy$AutoScalingGroupName": "<p>The name of the Auto Scaling group associated with this scaling policy.</p>",
        "ScalingPolicy$PolicyName": "<p>The name of the scaling policy.</p>",
        "ScalingPolicy$AdjustmentType": "<p>Specifies whether the <code>ScalingAdjustment</code> is an absolute number or a percentage of the current capacity. Valid values are <code>ChangeInCapacity</code>, <code>ExactCapacity</code>, and <code>PercentChangeInCapacity</code>.</p>",
        "ScheduledUpdateGroupAction$AutoScalingGroupName": "<p>The name of the group.</p>",
        "ScheduledUpdateGroupAction$ScheduledActionName": "<p>The name of the scheduled action.</p>",
        "ScheduledUpdateGroupAction$Recurrence": "<p>The recurring schedule for the action.</p>",
        "SuspendedProcess$ProcessName": "<p>The name of the suspended process.</p>",
        "SuspendedProcess$SuspensionReason": "<p>The reason that the process was suspended.</p>",
        "UpdateAutoScalingGroupType$PlacementGroup": "<p>The name of the placement group into which you'll launch your instances, if any. For more information, see <a href=\"http://docs.aws.amazon.com/AWSEC2/latest/UserGuide/placement-groups.html\">Placement Groups</a>.</p>",
        "UpdateAutoScalingGroupType$VPCZoneIdentifier": "<p>The ID of the subnet, if you are launching into a VPC. You can specify several subnets in a comma-separated list.</p> <p>When you specify <code>VPCZoneIdentifier</code> with <code>AvailabilityZones</code>, ensure that the subnets' Availability Zones match the values you specify for <code>AvailabilityZones</code>. </p> <p>For more information, see <a href=\"http://docs.aws.amazon.com/AutoScaling/latest/DeveloperGuide/autoscalingsubnets.html\">Auto Scaling and Amazon Virtual Private Cloud</a> in the <i>Auto Scaling Developer Guide</i>. </p>"
      }
    },
    "XmlStringMaxLen32": {
      "base": null,
      "refs": {
        "AutoScalingGroup$HealthCheckType": "<p>The service of interest for the health status check, which can be either <code>EC2</code> for Amazon EC2 or <code>ELB</code> for Elastic Load Balancing.</p>",
        "AutoScalingInstanceDetails$LifecycleState": "<p>The lifecycle state for the instance. For more information, see <a href=\"http://docs.aws.amazon.com/AutoScaling/latest/DeveloperGuide/AutoScalingGroupLifecycle.html#AutoScalingStates\">Auto Scaling Instance States</a> in the <i>Auto Scaling Developer Guide</i>.</p>",
        "AutoScalingInstanceDetails$HealthStatus": "<p>The health status of this instance. \"Healthy\" means that the instance is healthy and should remain in service. \"Unhealthy\" means that the instance is unhealthy and Auto Scaling should terminate and replace it.</p>",
        "CreateAutoScalingGroupType$HealthCheckType": "<p>The service to use for the health checks. The valid values are <code>EC2</code> and <code>ELB</code>.</p> <p>By default, health checks use Amazon EC2 instance status checks to determine the health of an instance. For more information, see <a href=\"http://docs.aws.amazon.com/AutoScaling/latest/DeveloperGuide/healthcheck.html\">Health Checks</a>.</p>",
        "Instance$HealthStatus": "<p>The health status of the instance.</p>",
        "SetInstanceHealthQuery$HealthStatus": "<p> The health status of the instance. Set to <code>Healthy</code> if you want the instance to remain in service. Set to <code>Unhealthy</code> if you want the instance to be out of service. Auto Scaling will terminate and replace the unhealthy instance. </p>",
        "UpdateAutoScalingGroupType$HealthCheckType": "<p>The type of health check for the instances in the Auto Scaling group. The health check type can either be <code>EC2</code> for Amazon EC2 or <code>ELB</code> for Elastic Load Balancing. </p>"
      }
    },
    "XmlStringMaxLen64": {
      "base": null,
      "refs": {
        "CreateLaunchConfigurationType$PlacementTenancy": "<p>The tenancy of the instance. An instance with a tenancy of <code>dedicated</code> runs on single-tenant hardware and can only be launched into a VPC.</p> <p>You must set the value of this parameter to <code>dedicated</code> if want to launch Dedicated Instances into a shared tenancy VPC (VPC with instance placement tenancy attribute set to <code>default</code>).</p> <p>If you specify a value for this parameter, be sure to specify at least one subnet using the <i>VPCZoneIdentifier</i> parameter when you create your group.</p> <p>For more information, see <a href=\"http://docs.aws.amazon.com/AutoScaling/latest/DeveloperGuide/autoscalingsubnets.html\">Auto Scaling and Amazon Virtual Private Cloud</a> in the <i>Auto Scaling Developer Guide</i>. </p> <p>Valid values: <code>default</code> | <code>dedicated</code></p>",
        "LaunchConfiguration$PlacementTenancy": "<p>The tenancy of the instance, either <code>default</code> or <code>dedicated</code>. An instance with <code>dedicated</code> tenancy runs in an isolated, single-tenant hardware and can only be launched into a VPC.</p>"
      }
    },
    "XmlStringUserData": {
      "base": null,
      "refs": {
        "CreateLaunchConfigurationType$UserData": "<p>The user data to make available to the launched EC2 instances. For more information, see <a href=\"http://docs.aws.amazon.com/AWSEC2/latest/UserGuide/ec2-instance-metadata.html\">Instance Metadata and User Data</a> in the <i>Amazon Elastic Compute Cloud User Guide</i>.</p> <p>At this time, launch configurations don't support compressed (zipped) user data files.</p>",
        "LaunchConfiguration$UserData": "<p>The user data available to the instances.</p>"
      }
    }
  }
}
