{
  "version": "2.0",
  "operations": {
    "ConnectDirectory": "<p>Creates an AD Connector to connect an on-premises directory.</p>",
    "CreateAlias": "<p>Creates an alias for a directory and assigns the alias to the directory. The alias is used to construct the access URL for the directory, such as <code>http://&#x3C;alias&#x3E;.awsapps.com</code>.</p> <important> <p>After an alias has been created, it cannot be deleted or reused, so this operation should only be used when absolutely necessary.</p> </important>",
    "CreateComputer": "<p>Creates a computer account in the specified directory, and joins the computer to the directory.</p>",
    "CreateDirectory": "<p>Creates a Simple AD directory.</p>",
    "CreateSnapshot": "<p>Creates a snapshot of an existing directory.</p> <p>You cannot take snapshots of extended or connected directories.</p>",
    "DeleteDirectory": "<p>Deletes an AWS Directory Service directory.</p>",
    "DeleteSnapshot": "<p>Deletes a directory snapshot.</p>",
    "DescribeDirectories": "<p>Obtains information about the directories that belong to this account.</p> <p>You can retrieve information about specific directories by passing the directory identifiers in the <i>DirectoryIds</i> parameter. Otherwise, all directories that belong to the current account are returned.</p> <p>This operation supports pagination with the use of the <i>NextToken</i> request and response parameters. If more results are available, the <i>DescribeDirectoriesResult.NextToken</i> member contains a token that you pass in the next call to <a>DescribeDirectories</a> to retrieve the next set of items.</p> <p>You can also specify a maximum number of return results with the <i>Limit</i> parameter.</p>",
    "DescribeSnapshots": "<p>Obtains information about the directory snapshots that belong to this account.</p> <p>This operation supports pagination with the use of the <i>NextToken</i> request and response parameters. If more results are available, the <i>DescribeSnapshots.NextToken</i> member contains a token that you pass in the next call to <a>DescribeSnapshots</a> to retrieve the next set of items.</p> <p>You can also specify a maximum number of return results with the <i>Limit</i> parameter.</p>",
    "DisableRadius": "<p>Disables multi-factor authentication (MFA) with Remote Authentication Dial In User Service (RADIUS) for an AD Connector directory.</p>",
    "DisableSso": "<p>Disables single-sign on for a directory.</p>",
    "EnableRadius": "<p>Enables multi-factor authentication (MFA) with Remote Authentication Dial In User Service (RADIUS) for an AD Connector directory.</p>",
    "EnableSso": "<p>Enables single-sign on for a directory.</p>",
    "GetDirectoryLimits": "<p>Obtains directory limit information for the current region.</p>",
    "GetSnapshotLimits": "<p>Obtains the manual snapshot limits for a directory.</p>",
    "RestoreFromSnapshot": "<p>Restores a directory using an existing directory snapshot.</p> <p>When you restore a directory from a snapshot, any changes made to the directory after the snapshot date are overwritten.</p> <p>This action returns as soon as the restore operation is initiated. You can monitor the progress of the restore operation by calling the <a>DescribeDirectories</a> operation with the directory identifier. When the <b>DirectoryDescription.Stage</b> value changes to <code>Active</code>, the restore operation is complete.</p>",
    "UpdateRadius": "<p>Updates the Remote Authentication Dial In User Service (RADIUS) server information for an AD Connector directory.</p>"
  },
  "service": "<fullname>AWS Directory Service</fullname> <p>This is the <i>AWS Directory Service API Reference</i>. This guide provides detailed information about AWS Directory Service operations, data types, parameters, and errors.</p>",
  "shapes": {
    "AccessUrl": {
      "base": null,
      "refs": {
        "DirectoryDescription$AccessUrl": "<p>The access URL for the directory, such as <code>http://&#x3C;alias&#x3E;.awsapps.com</code>.</p>"
      }
    },
    "AliasName": {
      "base": null,
      "refs": {
        "CreateAliasRequest$Alias": "<p>The requested alias.</p> <p>The alias must be unique amongst all aliases in AWS. This operation will throw an <code>EntityAlreadyExistsException</code> if this alias already exists.</p>",
        "CreateAliasResult$Alias": "<p>The alias for the directory.</p>",
        "DirectoryDescription$Alias": "<p>The alias for the directory.</p>"
      }
    },
    "Attribute": {
      "base": "<p>Represents a named directory attribute.</p>",
      "refs": {
        "Attributes$member": null
      }
    },
    "AttributeName": {
      "base": null,
      "refs": {
        "Attribute$Name": "<p>The name of the attribute.</p>"
      }
    },
    "AttributeValue": {
      "base": null,
      "refs": {
        "Attribute$Value": "<p>The value of the attribute.</p>"
      }
    },
    "Attributes": {
      "base": null,
      "refs": {
        "Computer$ComputerAttributes": "<p>An array of <a>Attribute</a> objects that contain the LDAP attributes that belong to the computer account.</p>",
        "CreateComputerRequest$ComputerAttributes": "<p>An array of <a>Attribute</a> objects that contain any LDAP attributes to apply to the computer account.</p>"
      }
    },
    "AuthenticationFailedException": {
      "base": "<p>An authentication error occurred.</p>",
      "refs": {
      }
    },
    "AvailabilityZone": {
      "base": null,
      "refs": {
        "AvailabilityZones$member": null
      }
    },
    "AvailabilityZones": {
      "base": null,
      "refs": {
        "DirectoryConnectSettingsDescription$AvailabilityZones": "<p>A list of the Availability Zones that the directory is in.</p>",
        "DirectoryVpcSettingsDescription$AvailabilityZones": "<p>The list of Availability Zones that the directory is in.</p>"
      }
    },
    "ClientException": {
      "base": "<p>A client exception has occurred.</p>",
      "refs": {
      }
    },
    "CloudOnlyDirectoriesLimitReached": {
      "base": null,
      "refs": {
        "DirectoryLimits$CloudOnlyDirectoriesLimitReached": "<p>Indicates if the cloud directory limit has been reached.</p>"
      }
    },
    "Computer": {
      "base": "<p>Contains information about a computer account in a directory.</p>",
      "refs": {
        "CreateComputerResult$Computer": "<p>A Computer object the represents the computer account.</p>"
      }
    },
    "ComputerName": {
      "base": null,
      "refs": {
        "Computer$ComputerName": "<p>The computer name.</p>",
        "CreateComputerRequest$ComputerName": "<p>The name of the computer account.</p>"
      }
    },
    "ComputerPassword": {
      "base": null,
      "refs": {
        "CreateComputerRequest$Password": "<p>A one-time password that is used to join the computer to the directory. You should generate a random, strong password to use for this parameter.</p>"
      }
    },
    "ConnectDirectoryRequest": {
      "base": "<p>Contains the inputs for the <a>ConnectDirectory</a> operation.</p>",
      "refs": {
      }
    },
    "ConnectDirectoryResult": {
      "base": "<p>Contains the results of the <a>ConnectDirectory</a> operation.</p>",
      "refs": {
      }
    },
    "ConnectPassword": {
      "base": null,
      "refs": {
        "ConnectDirectoryRequest$Password": "<p>The password for the on-premises user account.</p>",
        "DisableSsoRequest$Password": "<p>The password of an alternate account to use to disable single-sign on. This is only used for AD Connector directories. See the <i>UserName</i> parameter for more information.</p>",
        "EnableSsoRequest$Password": "<p>The password of an alternate account to use to enable single-sign on. This is only used for AD Connector directories. See the <i>UserName</i> parameter for more information.</p>"
      }
    },
    "ConnectedDirectoriesLimitReached": {
      "base": null,
      "refs": {
        "DirectoryLimits$ConnectedDirectoriesLimitReached": "<p>Indicates if the connected directory limit has been reached.</p>"
      }
    },
    "CreateAliasRequest": {
      "base": "<p>Contains the inputs for the <a>CreateAlias</a> operation.</p>",
      "refs": {
      }
    },
    "CreateAliasResult": {
      "base": "<p>Contains the results of the <a>CreateAlias</a> operation.</p>",
      "refs": {
      }
    },
    "CreateComputerRequest": {
      "base": "<p>Contains the inputs for the <a>CreateComputer</a> operation.</p>",
      "refs": {
      }
    },
    "CreateComputerResult": {
      "base": "<p>Contains the results for the <a>CreateComputer</a> operation.</p>",
      "refs": {
      }
    },
    "CreateDirectoryRequest": {
      "base": "<p>Contains the inputs for the <a>CreateDirectory</a> operation. </p>",
      "refs": {
      }
    },
    "CreateDirectoryResult": {
      "base": "<p>Contains the results of the <a>CreateDirectory</a> operation.</p>",
      "refs": {
      }
    },
    "CreateSnapshotRequest": {
      "base": "<p>Contains the inputs for the <a>CreateSnapshot</a> operation.</p>",
      "refs": {
      }
    },
    "CreateSnapshotResult": {
      "base": "<p>Contains the results of the <a>CreateSnapshot</a> operation.</p>",
      "refs": {
      }
    },
    "DeleteDirectoryRequest": {
      "base": "<p>Contains the inputs for the <a>DeleteDirectory</a> operation.</p>",
      "refs": {
      }
    },
    "DeleteDirectoryResult": {
      "base": "<p>Contains the results of the <a>DeleteDirectory</a> operation.</p>",
      "refs": {
      }
    },
    "DeleteSnapshotRequest": {
      "base": "<p>Contains the inputs for the <a>DeleteSnapshot</a> operation.</p>",
      "refs": {
      }
    },
    "DeleteSnapshotResult": {
      "base": "<p>Contains the results of the <a>DeleteSnapshot</a> operation.</p>",
      "refs": {
      }
    },
    "DescribeDirectoriesRequest": {
      "base": "<p>Contains the inputs for the <a>DescribeDirectories</a> operation.</p>",
      "refs": {
      }
    },
    "DescribeDirectoriesResult": {
      "base": "<p>Contains the results of the <a>DescribeDirectories</a> operation.</p>",
      "refs": {
      }
    },
    "DescribeSnapshotsRequest": {
      "base": "<p>Contains the inputs for the <a>DescribeSnapshots</a> operation.</p>",
      "refs": {
      }
    },
    "DescribeSnapshotsResult": {
      "base": "<p>Contains the results of the <a>DescribeSnapshots</a> operation.</p>",
      "refs": {
      }
    },
    "Description": {
      "base": null,
      "refs": {
        "ConnectDirectoryRequest$Description": "<p>A textual description for the directory.</p>",
        "CreateDirectoryRequest$Description": "<p>A textual description for the directory.</p>",
        "DirectoryDescription$Description": "<p>The textual description for the directory.</p>"
      }
    },
    "DirectoryConnectSettings": {
      "base": "<p>Contains information for the <a>ConnectDirectory</a> operation when an AD Connector directory is being created.</p>",
      "refs": {
        "ConnectDirectoryRequest$ConnectSettings": "<p>A <a>DirectoryConnectSettings</a> object that contains additional information for the operation.</p>"
      }
    },
    "DirectoryConnectSettingsDescription": {
      "base": "<p>Contains information about an AD Connector directory.</p>",
      "refs": {
        "DirectoryDescription$ConnectSettings": "<p>A <a>DirectoryConnectSettingsDescription</a> object that contains additional information about an AD Connector directory. This member is only present if the directory is an AD Connector directory.</p>"
      }
    },
    "DirectoryDescription": {
      "base": "<p>Contains information about an AWS Directory Service directory.</p>",
      "refs": {
        "DirectoryDescriptions$member": null
      }
    },
    "DirectoryDescriptions": {
      "base": "<p>A list of directory descriptions.</p>",
      "refs": {
        "DescribeDirectoriesResult$DirectoryDescriptions": "<p>The list of <a>DirectoryDescription</a> objects that were retrieved.</p> <p>It is possible that this list contains less than the number of items specified in the <i>Limit</i> member of the request. This occurs if there are less than the requested number of items left to retrieve, or if the limitations of the operation have been exceeded.</p>"
      }
    },
    "DirectoryId": {
      "base": null,
      "refs": {
        "ConnectDirectoryResult$DirectoryId": "<p>The identifier of the new directory.</p>",
        "CreateAliasRequest$DirectoryId": "<p>The identifier of the directory to create the alias for.</p>",
        "CreateAliasResult$DirectoryId": "<p>The identifier of the directory.</p>",
        "CreateComputerRequest$DirectoryId": "<p>The identifier of the directory to create the computer account in.</p>",
        "CreateDirectoryResult$DirectoryId": "<p>The identifier of the directory that was created.</p>",
        "CreateSnapshotRequest$DirectoryId": "<p>The identifier of the directory to take a snapshot of.</p>",
        "DeleteDirectoryRequest$DirectoryId": "<p>The identifier of the directory to delete.</p>",
        "DeleteDirectoryResult$DirectoryId": "<p>The directory identifier.</p>",
        "DescribeSnapshotsRequest$DirectoryId": "<p>The identifier of the directory to retrieve snapshot information for.</p>",
        "DirectoryDescription$DirectoryId": "<p>The directory identifier.</p>",
        "DirectoryIds$member": null,
        "DisableRadiusRequest$DirectoryId": "<p>The identifier of the directory to disable MFA for.</p>",
        "DisableSsoRequest$DirectoryId": "<p>The identifier of the directory to disable single-sign on for.</p>",
        "EnableRadiusRequest$DirectoryId": "<p>The identifier of the directory to enable MFA for.</p>",
        "EnableSsoRequest$DirectoryId": "<p>The identifier of the directory to enable single-sign on for.</p>",
        "GetSnapshotLimitsRequest$DirectoryId": "<p>Contains the identifier of the directory to obtain the limits for.</p>",
        "Snapshot$DirectoryId": "<p>The directory identifier.</p>",
        "UpdateRadiusRequest$DirectoryId": "<p>The identifier of the directory to update the RADIUS server information for.</p>"
      }
    },
    "DirectoryIds": {
      "base": "<p>A list of directory identifiers.</p>",
      "refs": {
        "DescribeDirectoriesRequest$DirectoryIds": "<p>A list of identifiers of the directories to obtain the information for. If this member is null, all directories that belong to the current account are returned.</p> <p>An empty list results in an <code>InvalidParameterException</code> being thrown.</p>"
      }
    },
    "DirectoryLimitExceededException": {
      "base": "<p>The maximum number of directories in the region has been reached. You can use the <a>GetDirectoryLimits</a> operation to determine your directory limits in the region.</p>",
      "refs": {
      }
    },
    "DirectoryLimits": {
      "base": "<p>Contains directory limit information for a region.</p>",
      "refs": {
        "GetDirectoryLimitsResult$DirectoryLimits": "<p>A <a>DirectoryLimits</a> object that contains the directory limits for the current region.</p>"
      }
    },
    "DirectoryName": {
      "base": null,
      "refs": {
        "ConnectDirectoryRequest$Name": "<p>The fully-qualified name of the on-premises directory, such as <code>corp.example.com</code>.</p>",
        "CreateDirectoryRequest$Name": "<p>The fully qualified name for the directory, such as <code>corp.example.com</code>.</p>",
        "DirectoryDescription$Name": "<p>The fully-qualified name of the directory.</p>"
      }
    },
    "DirectoryShortName": {
      "base": null,
      "refs": {
        "ConnectDirectoryRequest$ShortName": "<p>The NetBIOS name of the on-premises directory, such as <code>CORP</code>.</p>",
        "CreateDirectoryRequest$ShortName": "<p>The short name of the directory, such as <code>CORP</code>.</p>",
        "DirectoryDescription$ShortName": "<p>The short name of the directory.</p>"
      }
    },
    "DirectorySize": {
      "base": null,
      "refs": {
        "ConnectDirectoryRequest$Size": "<p>The size of the directory.</p>",
        "CreateDirectoryRequest$Size": "<p>The size of the directory.</p>",
        "DirectoryDescription$Size": "<p>The directory size.</p>"
      }
    },
    "DirectoryStage": {
      "base": null,
      "refs": {
        "DirectoryDescription$Stage": "<p>The current stage of the directory.</p>"
      }
    },
    "DirectoryType": {
      "base": null,
      "refs": {
        "DirectoryDescription$Type": "<p>The directory size.</p>"
      }
    },
    "DirectoryUnavailableException": {
      "base": "<p>The specified directory is unavailable or could not be found.</p>",
      "refs": {
      }
    },
    "DirectoryVpcSettings": {
      "base": "<p>Contains information for the <a>CreateDirectory</a> operation when a Simple AD directory is being created.</p>",
      "refs": {
        "CreateDirectoryRequest$VpcSettings": "<p>A <a>DirectoryVpcSettings</a> object that contains additional information for the operation.</p>"
      }
    },
    "DirectoryVpcSettingsDescription": {
      "base": "<p>Contains information about a Simple AD directory.</p>",
      "refs": {
        "DirectoryDescription$VpcSettings": "<p>A <a>DirectoryVpcSettingsDescription</a> object that contains additional information about a Simple AD directory. This member is only present if the directory is a Simple AD directory.</p>"
      }
    },
    "DisableRadiusRequest": {
      "base": "<p>Contains the inputs for the <a>DisableRadius</a> operation.</p>",
      "refs": {
      }
    },
    "DisableRadiusResult": {
      "base": "<p>Contains the results of the <a>DisableRadius</a> operation.</p>",
      "refs": {
      }
    },
    "DisableSsoRequest": {
      "base": "<p>Contains the inputs for the <a>DisableSso</a> operation.</p>",
      "refs": {
      }
    },
    "DisableSsoResult": {
      "base": "<p>Contains the results of the <a>DisableSso</a> operation.</p>",
      "refs": {
      }
    },
    "DnsIpAddrs": {
      "base": null,
      "refs": {
        "DirectoryConnectSettings$CustomerDnsIps": "<p>A list of one or more IP addresses of DNS servers or domain controllers in the on-premises directory.</p>",
        "DirectoryDescription$DnsIpAddrs": "<p>The IP addresses of the DNS servers for the directory. For a Simple AD directory, these are the IP addresses of the Simple AD directory servers. For an AD Connector directory, these are the IP addresses of the DNS servers or domain controllers in the on-premises directory that the AD Connector is connected to.</p>"
      }
    },
    "EnableRadiusRequest": {
      "base": "<p>Contains the inputs for the <a>EnableRadius</a> operation.</p>",
      "refs": {
      }
    },
    "EnableRadiusResult": {
      "base": "<p>Contains the results of the <a>EnableRadius</a> operation.</p>",
      "refs": {
      }
    },
    "EnableSsoRequest": {
      "base": "<p>Contains the inputs for the <a>EnableSso</a> operation.</p>",
      "refs": {
      }
    },
    "EnableSsoResult": {
      "base": "<p>Contains the results of the <a>EnableSso</a> operation.</p>",
      "refs": {
      }
    },
    "EntityAlreadyExistsException": {
      "base": "<p>The specified entity already exists.</p>",
      "refs": {
      }
    },
    "EntityDoesNotExistException": {
      "base": "<p>The specified entity could not be found.</p>",
      "refs": {
      }
    },
    "ExceptionMessage": {
      "base": "<p>The descriptive message for the exception.</p>",
      "refs": {
        "AuthenticationFailedException$Message": "<p>The textual message for the exception.</p>",
        "ClientException$Message": null,
        "DirectoryLimitExceededException$Message": null,
        "DirectoryUnavailableException$Message": null,
        "EntityAlreadyExistsException$Message": null,
        "EntityDoesNotExistException$Message": null,
        "InsufficientPermissionsException$Message": null,
        "InvalidNextTokenException$Message": null,
        "InvalidParameterException$Message": null,
        "ServiceException$Message": null,
        "SnapshotLimitExceededException$Message": null,
        "UnsupportedOperationException$Message": null
      }
    },
    "GetDirectoryLimitsRequest": {
      "base": "<p>Contains the inputs for the <a>GetDirectoryLimits</a> operation.</p>",
      "refs": {
      }
    },
    "GetDirectoryLimitsResult": {
      "base": "<p>Contains the results of the <a>GetDirectoryLimits</a> operation.</p>",
      "refs": {
      }
    },
    "GetSnapshotLimitsRequest": {
      "base": "<p>Contains the inputs for the <a>GetSnapshotLimits</a> operation.</p>",
      "refs": {
      }
    },
    "GetSnapshotLimitsResult": {
      "base": "<p>Contains the results of the <a>GetSnapshotLimits</a> operation.</p>",
      "refs": {
      }
    },
    "InsufficientPermissionsException": {
      "base": "<p>The account does not have sufficient permission to perform the operation.</p>",
      "refs": {
      }
    },
    "InvalidNextTokenException": {
      "base": "<p>The <i>NextToken</i> value is not valid.</p>",
      "refs": {
      }
    },
    "InvalidParameterException": {
      "base": "<p>One or more parameters are not valid.</p>",
      "refs": {
      }
    },
    "IpAddr": {
      "base": null,
      "refs": {
        "DnsIpAddrs$member": null,
        "IpAddrs$member": null
      }
    },
    "IpAddrs": {
      "base": null,
      "refs": {
        "DirectoryConnectSettingsDescription$ConnectIps": "<p>The IP addresses of the AD Connector servers.</p>"
      }
    },
    "LastUpdatedDateTime": {
      "base": null,
      "refs": {
        "DirectoryDescription$StageLastUpdatedDateTime": "<p>The date and time that the stage was last updated.</p>"
      }
    },
    "LaunchTime": {
      "base": null,
      "refs": {
        "DirectoryDescription$LaunchTime": "<p>Specifies when the directory was created.</p>"
      }
    },
    "Limit": {
      "base": null,
      "refs": {
        "DescribeDirectoriesRequest$Limit": "<p>The maximum number of items to return. If this value is zero, the maximum number of items is specified by the limitations of the operation.</p>",
        "DescribeSnapshotsRequest$Limit": "<p>The maximum number of objects to return.</p>",
        "DirectoryLimits$CloudOnlyDirectoriesLimit": "<p>The maximum number of cloud directories allowed in the region.</p>",
        "DirectoryLimits$CloudOnlyDirectoriesCurrentCount": "<p>The current number of cloud directories in the region.</p>",
        "DirectoryLimits$ConnectedDirectoriesLimit": "<p>The maximum number of connected directories allowed in the region.</p>",
        "DirectoryLimits$ConnectedDirectoriesCurrentCount": "<p>The current number of connected directories in the region.</p>",
        "SnapshotLimits$ManualSnapshotsLimit": "<p>The maximum number of manual snapshots allowed.</p>",
        "SnapshotLimits$ManualSnapshotsCurrentCount": "<p>The current number of manual snapshots of the directory.</p>"
      }
    },
    "ManualSnapshotsLimitReached": {
      "base": null,
      "refs": {
        "SnapshotLimits$ManualSnapshotsLimitReached": "<p>Indicates if the manual snapshot limit has been reached.</p>"
      }
    },
    "NextToken": {
      "base": null,
      "refs": {
        "DescribeDirectoriesRequest$NextToken": "<p>The <i>DescribeDirectoriesResult.NextToken</i> value from a previous call to <a>DescribeDirectories</a>. Pass null if this is the first call.</p>",
        "DescribeDirectoriesResult$NextToken": "<p>If not null, more results are available. Pass this value for the <i>NextToken</i> parameter in a subsequent call to <a>DescribeDirectories</a> to retrieve the next set of items.</p>",
        "DescribeSnapshotsRequest$NextToken": "<p>The <i>DescribeSnapshotsResult.NextToken</i> value from a previous call to <a>DescribeSnapshots</a>. Pass null if this is the first call.</p>",
        "DescribeSnapshotsResult$NextToken": "<p>If not null, more results are available. Pass this value in the <i>NextToken</i> member of a subsequent call to <a>DescribeSnapshots</a>.</p>"
      }
    },
    "OrganizationalUnitDN": {
      "base": null,
      "refs": {
        "CreateComputerRequest$OrganizationalUnitDistinguishedName": "<p>The fully-qualified distinguished name of the organizational unit to place the computer account in.</p>"
      }
    },
    "Password": {
      "base": null,
      "refs": {
        "CreateDirectoryRequest$Password": "<p>The password for the directory administrator. The directory creation process creates a directory administrator account with the username <code>Administrator</code> and this password.</p>"
      }
    },
    "PortNumber": {
      "base": null,
      "refs": {
        "RadiusSettings$RadiusPort": "<p>The port that your RADIUS server is using for communications. Your on-premises network must allow inbound traffic over this port from the AWS Directory Service servers.</p>"
      }
    },
    "RadiusAuthenticationProtocol": {
      "base": null,
      "refs": {
        "RadiusSettings$AuthenticationProtocol": "<p>The protocol specified for your RADIUS endpoints.</p>"
      }
    },
    "RadiusDisplayLabel": {
      "base": null,
      "refs": {
        "RadiusSettings$DisplayLabel": "<p>Not currently used.</p>"
      }
    },
    "RadiusRetries": {
      "base": null,
      "refs": {
        "RadiusSettings$RadiusRetries": "<p>The maximum number of times that communication with the RADIUS server is attempted. </p>"
      }
    },
    "RadiusSettings": {
      "base": "<p>Contains information about a Remote Authentication Dial In User Service (RADIUS) server.</p>",
      "refs": {
        "DirectoryDescription$RadiusSettings": "<p>A <a>RadiusSettings</a> object that contains information about the RADIUS server configured for this directory.</p>",
        "EnableRadiusRequest$RadiusSettings": "<p>A <a>RadiusSettings</a> object that contains information about the RADIUS server.</p>",
        "UpdateRadiusRequest$RadiusSettings": "<p>A <a>RadiusSettings</a> object that contains information about the RADIUS server.</p>"
      }
    },
    "RadiusSharedSecret": {
      "base": null,
      "refs": {
        "RadiusSettings$SharedSecret": "<p>The shared secret code that was specified when your RADIUS endpoints were created.</p>"
      }
    },
    "RadiusStatus": {
      "base": null,
      "refs": {
        "DirectoryDescription$RadiusStatus": "<p>The status of the RADIUS MFA server connection.</p>"
      }
    },
    "RadiusTimeout": {
      "base": null,
      "refs": {
        "RadiusSettings$RadiusTimeout": "<p>The amount of time, in seconds, to wait for the RADIUS server to respond.</p>"
      }
    },
    "RequestId": {
      "base": "<p>The AWS request identifier.</p>",
      "refs": {
        "AuthenticationFailedException$RequestId": "<p>The identifier of the request that caused the exception.</p>",
        "ClientException$RequestId": null,
        "DirectoryLimitExceededException$RequestId": null,
        "DirectoryUnavailableException$RequestId": null,
        "EntityAlreadyExistsException$RequestId": null,
        "EntityDoesNotExistException$RequestId": null,
        "InsufficientPermissionsException$RequestId": null,
        "InvalidNextTokenException$RequestId": null,
        "InvalidParameterException$RequestId": null,
        "ServiceException$RequestId": null,
        "SnapshotLimitExceededException$RequestId": null,
        "UnsupportedOperationException$RequestId": null
      }
    },
    "RestoreFromSnapshotRequest": {
      "base": "<p>An object representing the inputs for the <a>RestoreFromSnapshot</a> operation.</p>",
      "refs": {
      }
    },
    "RestoreFromSnapshotResult": {
      "base": "<p>Contains the results of the <a>RestoreFromSnapshot</a> operation.</p>",
      "refs": {
      }
    },
    "SID": {
      "base": null,
      "refs": {
        "Computer$ComputerId": "<p>The identifier of the computer.</p>"
      }
    },
    "SecurityGroupId": {
      "base": null,
      "refs": {
        "DirectoryConnectSettingsDescription$SecurityGroupId": "<p>The security group identifier for the AD Connector directory.</p>",
        "DirectoryVpcSettingsDescription$SecurityGroupId": "<p>The security group identifier for the directory.</p>"
      }
    },
    "Server": {
      "base": null,
      "refs": {
        "Servers$member": null
      }
    },
    "Servers": {
      "base": null,
      "refs": {
        "RadiusSettings$RadiusServers": "<p>An array of strings that contains the IP addresses of the RADIUS server endpoints, or the IP addresses of your RADIUS server load balancer.</p>"
      }
    },
    "ServiceException": {
      "base": "<p>An exception has occurred in AWS Directory Service.</p>",
      "refs": {
      }
    },
    "Snapshot": {
      "base": "<p>Describes a directory snapshot.</p>",
      "refs": {
        "Snapshots$member": null
      }
    },
    "SnapshotId": {
      "base": null,
      "refs": {
        "CreateSnapshotResult$SnapshotId": "<p>The identifier of the snapshot that was created.</p>",
        "DeleteSnapshotRequest$SnapshotId": "<p>The identifier of the directory snapshot to be deleted.</p>",
        "DeleteSnapshotResult$SnapshotId": "<p>The identifier of the directory snapshot that was deleted.</p>",
        "RestoreFromSnapshotRequest$SnapshotId": "<p>The identifier of the snapshot to restore from.</p>",
        "Snapshot$SnapshotId": "<p>The snapshot identifier.</p>",
        "SnapshotIds$member": null
      }
    },
    "SnapshotIds": {
      "base": "<p>A list of directory snapshot identifiers.</p>",
      "refs": {
        "DescribeSnapshotsRequest$SnapshotIds": "<p>A list of identifiers of the snapshots to obtain the information for. If this member is null or empty, all snapshots are returned using the <i>Limit</i> and <i>NextToken</i> members.</p>"
      }
    },
    "SnapshotLimitExceededException": {
      "base": "<p>The maximum number of manual snapshots for the directory has been reached. You can use the <a>GetSnapshotLimits</a> operation to determine the snapshot limits for a directory.</p>",
      "refs": {
      }
    },
    "SnapshotLimits": {
      "base": "<p>Contains manual snapshot limit information for a directory.</p>",
      "refs": {
        "GetSnapshotLimitsResult$SnapshotLimits": "<p>A <a>SnapshotLimits</a> object that contains the manual snapshot limits for the specified directory.</p>"
      }
    },
    "SnapshotName": {
      "base": null,
      "refs": {
        "CreateSnapshotRequest$Name": "<p>The descriptive name to apply to the snapshot.</p>",
        "Snapshot$Name": "<p>The descriptive name of the snapshot.</p>"
      }
    },
    "SnapshotStatus": {
      "base": null,
      "refs": {
        "Snapshot$Status": "<p>The snapshot status.</p>"
      }
    },
    "SnapshotType": {
      "base": null,
      "refs": {
        "Snapshot$Type": "<p>The snapshot type.</p>"
      }
    },
    "Snapshots": {
      "base": "<p>A list of descriptions of directory snapshots.</p>",
      "refs": {
        "DescribeSnapshotsResult$Snapshots": "<p>The list of <a>Snapshot</a> objects that were retrieved.</p> <p>It is possible that this list contains less than the number of items specified in the <i>Limit</i> member of the request. This occurs if there are less than the requested number of items left to retrieve, or if the limitations of the operation have been exceeded.</p>"
      }
    },
    "SsoEnabled": {
      "base": null,
      "refs": {
        "DirectoryDescription$SsoEnabled": "<p>Indicates if single-sign on is enabled for the directory. For more information, see <a>EnableSso</a> and <a>DisableSso</a>.</p>"
      }
    },
    "StageReason": {
      "base": null,
      "refs": {
        "DirectoryDescription$StageReason": "<p>Additional information about the directory stage.</p>"
      }
    },
    "StartTime": {
      "base": null,
      "refs": {
        "Snapshot$StartTime": "<p>The date and time that the snapshot was taken.</p>"
      }
    },
    "SubnetId": {
      "base": null,
      "refs": {
        "SubnetIds$member": null
      }
    },
    "SubnetIds": {
      "base": null,
      "refs": {
        "DirectoryConnectSettings$SubnetIds": "<p>A list of subnet identifiers in the VPC that the AD Connector is created in.</p>",
        "DirectoryConnectSettingsDescription$SubnetIds": "<p>A list of subnet identifiers in the VPC that the AD connector is in.</p>",
        "DirectoryVpcSettings$SubnetIds": "<p>The identifiers of the subnets for the directory servers. The two subnets must be in different Availability Zones. AWS Directory Service creates a directory server and a DNS server in each of these subnets.</p>",
        "DirectoryVpcSettingsDescription$SubnetIds": "<p>The identifiers of the subnets for the directory servers.</p>"
      }
    },
    "UnsupportedOperationException": {
      "base": "<p>The operation is not supported.</p>",
      "refs": {
      }
    },
    "UpdateRadiusRequest": {
      "base": "<p>Contains the inputs for the <a>UpdateRadius</a> operation.</p>",
      "refs": {
      }
    },
    "UpdateRadiusResult": {
      "base": "<p>Contains the results of the <a>UpdateRadius</a> operation.</p>",
      "refs": {
      }
    },
    "UseSameUsername": {
      "base": null,
      "refs": {
        "RadiusSettings$UseSameUsername": "<p>Not currently used.</p>"
      }
    },
    "UserName": {
      "base": null,
      "refs": {
        "DirectoryConnectSettings$CustomerUserName": "<p>The username of an account in the on-premises directory that is used to connect to the directory. This account must have the following privileges:</p> <ul> <li>Read users and groups</li> <li>Create computer objects</li> <li>Join computers to the domain</li> </ul>",
        "DirectoryConnectSettingsDescription$CustomerUserName": "<p>The username of the service account in the on-premises directory.</p>",
        "DisableSsoRequest$UserName": "<p>The username of an alternate account to use to disable single-sign on. This is only used for AD Connector directories. This account must have privileges to remove a service principle name. </p> <p>If the AD Connector service account does not have privileges to remove a service principle name, you can specify an alternate account with the <i>UserName</i> and <i>Password</i> parameters. These credentials are only used to disable single sign-on and are not stored by the service. The AD Connector service account is not changed.</p>",
        "EnableSsoRequest$UserName": "<p>The username of an alternate account to use to enable single-sign on. This is only used for AD Connector directories. This account must have privileges to add a service principle name. </p> <p>If the AD Connector service account does not have privileges to add a service principle name, you can specify an alternate account with the <i>UserName</i> and <i>Password</i> parameters. These credentials are only used to enable single sign-on and are not stored by the service. The AD Connector service account is not changed.</p>"
      }
    },
    "VpcId": {
      "base": null,
      "refs": {
        "DirectoryConnectSettings$VpcId": "<p>The identifier of the VPC that the AD Connector is created in.</p>",
        "DirectoryConnectSettingsDescription$VpcId": "<p>The identifier of the VPC that the AD Connector is in.</p>",
        "DirectoryVpcSettings$VpcId": "<p>The identifier of the VPC to create the Simple AD directory in.</p>",
        "DirectoryVpcSettingsDescription$VpcId": "<p>The identifier of the VPC that the directory is in.</p>"
      }
    }
  }
}
