{
  "version": "2.0",
  "operations": {
    "CreateAssociation": "<p>Associates the specified configuration document with the specified instance.</p> <p>When you associate a configuration document with an instance, the configuration agent on the instance processes the configuration document and configures the instance as specified.</p> <p>If you associate a configuration document with an instance that already has an associated configuration document, we replace the current configuration document with the new configuration document.</p>",
    "CreateAssociationBatch": "<p>Associates the specified configuration documents with the specified instances.</p> <p>When you associate a configuration document with an instance, the configuration agent on the instance processes the configuration document and configures the instance as specified.</p> <p>If you associate a configuration document with an instance that already has an associated configuration document, we replace the current configuration document with the new configuration document.</p>",
    "CreateDocument": "<p>Creates a configuration document.</p> <p>After you create a configuration document, you can use <a>CreateAssociation</a> to associate it with one or more running instances.</p>",
    "DeleteAssociation": "<p>Disassociates the specified configuration document from the specified instance.</p> <p>When you disassociate a configuration document from an instance, it does not change the configuration of the instance. To change the configuration state of an instance after you disassociate a configuration document, you must create a new configuration document with the desired configuration and associate it with the instance.</p>",
    "DeleteDocument": "<p>Deletes the specified configuration document.</p> <p>You must use <a>DeleteAssociation</a> to disassociate all instances that are associated with the configuration document before you can delete it.</p>",
    "DescribeAssociation": "<p>Describes the associations for the specified configuration document or instance.</p>",
    "DescribeDocument": "<p>Describes the specified configuration document.</p>",
    "GetDocument": "<p>Gets the contents of the specified configuration document.</p>",
    "ListAssociations": "<p>Lists the associations for the specified configuration document or instance.</p>",
    "ListDocuments": "<p>Describes one or more of your configuration documents.</p>",
    "UpdateAssociationStatus": "<p>Updates the status of the configuration document associated with the specified instance.</p>"
  },
  "service": "<p>Amazon EC2 Simple Systems Manager (SSM) enables you to configure and manage your EC2 instances. You can create a configuration document and then associate it with one or more running instances.</p> <p>You can use a configuration document to automate the following tasks for your Windows instances:</p> <ul> <li><p>Join an AWS Directory</p></li> <li><p>Install, repair, or uninstall software using an MSI package</p></li> <li><p>Run PowerShell scripts</p></li> <li><p>Configure CloudWatch Logs to monitor applications and systems</p></li> </ul> <p>Note that configuration documents are not supported on Linux instances.</p>",
  "shapes": {
    "AssociatedInstances": {
      "base": "<p>You must disassociate a configuration document from all instances before you can delete it.</p>",
      "refs": {
      }
    },
    "Association": {
      "base": "<p>Describes an association of a configuration document and an instance.</p>",
      "refs": {
        "AssociationList$member": null
      }
    },
    "AssociationAlreadyExists": {
      "base": "<p>The specified association already exists.</p>",
      "refs": {
      }
    },
    "AssociationDescription": {
      "base": "<p>Describes an association.</p>",
      "refs": {
        "AssociationDescriptionList$member": null,
        "CreateAssociationResult$AssociationDescription": "<p>Information about the association.</p>",
        "DescribeAssociationResult$AssociationDescription": "<p>Information about the association.</p>",
        "UpdateAssociationStatusResult$AssociationDescription": "<p>Information about the association.</p>"
      }
    },
    "AssociationDescriptionList": {
      "base": null,
      "refs": {
        "CreateAssociationBatchResult$Successful": "<p>Information about the associations that succeeded.</p>"
      }
    },
    "AssociationDoesNotExist": {
      "base": "<p>The specified association does not exist.</p>",
      "refs": {
      }
    },
    "AssociationFilter": {
      "base": "<p>Describes a filter.</p>",
      "refs": {
        "AssociationFilterList$member": null
      }
    },
    "AssociationFilterKey": {
      "base": null,
      "refs": {
        "AssociationFilter$key": "<p>The name of the filter.</p>"
      }
    },
    "AssociationFilterList": {
      "base": null,
      "refs": {
        "ListAssociationsRequest$AssociationFilterList": "<p>One or more filters. Use a filter to return a more specific list of results.</p>"
      }
    },
    "AssociationFilterValue": {
      "base": null,
      "refs": {
        "AssociationFilter$value": "<p>The filter value.</p>"
      }
    },
    "AssociationLimitExceeded": {
      "base": "<p>You can have at most 2,000 active associations.</p>",
      "refs": {
      }
    },
    "AssociationList": {
      "base": null,
      "refs": {
        "ListAssociationsResult$Associations": "<p>The associations.</p>"
      }
    },
    "AssociationStatus": {
      "base": "<p>Describes an association status.</p>",
      "refs": {
        "AssociationDescription$Status": "<p>The association status.</p>",
        "UpdateAssociationStatusRequest$AssociationStatus": "<p>The association status.</p>"
      }
    },
    "AssociationStatusName": {
      "base": null,
      "refs": {
        "AssociationStatus$Name": "<p>The status.</p>"
      }
    },
    "BatchErrorMessage": {
      "base": null,
      "refs": {
        "FailedCreateAssociation$Message": "<p>A description of the failure.</p>"
      }
    },
    "CreateAssociationBatchRequest": {
      "base": null,
      "refs": {
      }
    },
    "CreateAssociationBatchRequestEntries": {
      "base": null,
      "refs": {
        "CreateAssociationBatchRequest$Entries": "<p>One or more associations.</p>"
      }
    },
    "CreateAssociationBatchRequestEntry": {
      "base": "<p>Describes the association of a configuration document and an instance.</p>",
      "refs": {
        "CreateAssociationBatchRequestEntries$member": null,
        "FailedCreateAssociation$Entry": "<p>The association.</p>"
      }
    },
    "CreateAssociationBatchResult": {
      "base": null,
      "refs": {
      }
    },
    "CreateAssociationRequest": {
      "base": null,
      "refs": {
      }
    },
    "CreateAssociationResult": {
      "base": null,
      "refs": {
      }
    },
    "CreateDocumentRequest": {
      "base": null,
      "refs": {
      }
    },
    "CreateDocumentResult": {
      "base": null,
      "refs": {
      }
    },
    "DateTime": {
      "base": null,
      "refs": {
        "AssociationDescription$Date": "<p>The date when the association was made.</p>",
        "AssociationStatus$Date": "<p>The date when the status changed.</p>",
        "DocumentDescription$CreatedDate": "<p>The date when the configuration document was created.</p>"
      }
    },
    "DeleteAssociationRequest": {
      "base": null,
      "refs": {
      }
    },
    "DeleteAssociationResult": {
      "base": null,
      "refs": {
      }
    },
    "DeleteDocumentRequest": {
      "base": null,
      "refs": {
      }
    },
    "DeleteDocumentResult": {
      "base": null,
      "refs": {
      }
    },
    "DescribeAssociationRequest": {
      "base": null,
      "refs": {
      }
    },
    "DescribeAssociationResult": {
      "base": null,
      "refs": {
      }
    },
    "DescribeDocumentRequest": {
      "base": null,
      "refs": {
      }
    },
    "DescribeDocumentResult": {
      "base": null,
      "refs": {
      }
    },
    "DocumentAlreadyExists": {
      "base": "<p>The specified configuration document already exists.</p>",
      "refs": {
      }
    },
    "DocumentContent": {
      "base": null,
      "refs": {
        "CreateDocumentRequest$Content": "<p>A valid JSON file. For more information about the contents of this file, see <a href=\"http://docs.aws.amazon.com/ssm/latest/APIReference/aws-ssm-document.html\">Configuration Document</a>.</p>",
        "GetDocumentResult$Content": "<p>The contents of the configuration document.</p>"
      }
    },
    "DocumentDescription": {
      "base": "<p>Describes a configuration document.</p>",
      "refs": {
        "CreateDocumentResult$DocumentDescription": "<p>Information about the configuration document.</p>",
        "DescribeDocumentResult$Document": "<p>Information about the configuration document.</p>"
      }
    },
    "DocumentFilter": {
      "base": "<p>Describes a filter.</p>",
      "refs": {
        "DocumentFilterList$member": null
      }
    },
    "DocumentFilterKey": {
      "base": null,
      "refs": {
        "DocumentFilter$key": "<p>The name of the filter.</p>"
      }
    },
    "DocumentFilterList": {
      "base": null,
      "refs": {
        "ListDocumentsRequest$DocumentFilterList": "<p>One or more filters. Use a filter to return a more specific list of results.</p>"
      }
    },
    "DocumentFilterValue": {
      "base": null,
      "refs": {
        "DocumentFilter$value": "<p>The value of the filter.</p>"
      }
    },
    "DocumentIdentifier": {
      "base": "<p>Describes the name of a configuration document.</p>",
      "refs": {
        "DocumentIdentifierList$member": null
      }
    },
    "DocumentIdentifierList": {
      "base": null,
      "refs": {
        "ListDocumentsResult$DocumentIdentifiers": "<p>The names of the configuration documents.</p>"
      }
    },
    "DocumentLimitExceeded": {
      "base": "<p>You can have at most 100 active configuration documents.</p>",
      "refs": {
      }
    },
    "DocumentName": {
      "base": null,
      "refs": {
        "Association$Name": "<p>The name of the configuration document.</p>",
        "AssociationDescription$Name": "<p>The name of the configuration document.</p>",
        "CreateAssociationBatchRequestEntry$Name": "<p>The name of the configuration document.</p>",
        "CreateAssociationRequest$Name": "<p>The name of the configuration document.</p>",
        "CreateDocumentRequest$Name": "<p>A name for the configuration document.</p>",
        "DeleteAssociationRequest$Name": "<p>The name of the configuration document.</p>",
        "DeleteDocumentRequest$Name": "<p>The name of the configuration document.</p>",
        "DescribeAssociationRequest$Name": "<p>The name of the configuration document.</p>",
        "DescribeDocumentRequest$Name": "<p>The name of the configuration document.</p>",
        "DocumentDescription$Name": "<p>The name of the configuration document.</p>",
        "DocumentIdentifier$Name": "<p>The name of the configuration document.</p>",
        "GetDocumentRequest$Name": "<p>The name of the configuration document.</p>",
        "GetDocumentResult$Name": "<p>The name of the configuration document.</p>",
        "UpdateAssociationStatusRequest$Name": "<p>The name of the configuration document.</p>"
      }
    },
    "DocumentSha1": {
      "base": null,
      "refs": {
        "DocumentDescription$Sha1": "<p>The SHA1 hash of the document, which you can use for verification purposes.</p>"
      }
    },
    "DocumentStatus": {
      "base": null,
      "refs": {
        "DocumentDescription$Status": "<p>The status of the configuration document.</p>"
      }
    },
    "DuplicateInstanceId": {
      "base": "<p>You cannot specify an instance ID in more than one association.</p>",
      "refs": {
      }
    },
    "FailedCreateAssociation": {
      "base": "<p>Describes a failed association.</p>",
      "refs": {
        "FailedCreateAssociationList$member": null
      }
    },
    "FailedCreateAssociationList": {
      "base": null,
      "refs": {
        "CreateAssociationBatchResult$Failed": "<p>Information about the associations that failed.</p>"
      }
    },
    "Fault": {
      "base": null,
      "refs": {
        "FailedCreateAssociation$Fault": "<p>The source of the failure.</p>"
      }
    },
    "GetDocumentRequest": {
      "base": null,
      "refs": {
      }
    },
    "GetDocumentResult": {
      "base": null,
      "refs": {
      }
    },
    "InstanceId": {
      "base": null,
      "refs": {
        "Association$InstanceId": "<p>The ID of the instance.</p>",
        "AssociationDescription$InstanceId": "<p>The ID of the instance.</p>",
        "CreateAssociationBatchRequestEntry$InstanceId": "<p>The ID of the instance.</p>",
        "CreateAssociationRequest$InstanceId": "<p>The ID of the instance.</p>",
        "DeleteAssociationRequest$InstanceId": "<p>The ID of the instance.</p>",
        "DescribeAssociationRequest$InstanceId": "<p>The ID of the instance.</p>",
        "UpdateAssociationStatusRequest$InstanceId": "<p>The ID of the instance.</p>"
      }
    },
    "InternalServerError": {
      "base": "<p>An error occurred on the server side.</p>",
      "refs": {
      }
    },
    "InvalidDocument": {
      "base": "<p>The configuration document is not valid.</p>",
      "refs": {
      }
    },
    "InvalidDocumentContent": {
      "base": "<p>The content for the configuration document is not valid.</p>",
      "refs": {
      }
    },
    "InvalidInstanceId": {
      "base": "<p>You must specify the ID of a running instance.</p>",
      "refs": {
      }
    },
    "InvalidNextToken": {
      "base": "<p>The specified token is not valid.</p>",
      "refs": {
      }
    },
    "ListAssociationsRequest": {
      "base": null,
      "refs": {
      }
    },
    "ListAssociationsResult": {
      "base": null,
      "refs": {
      }
    },
    "ListDocumentsRequest": {
      "base": null,
      "refs": {
      }
    },
    "ListDocumentsResult": {
      "base": null,
      "refs": {
      }
    },
    "MaxDocumentSizeExceeded": {
      "base": "<p>The size limit of a configuration document is 64 KB.</p>",
      "refs": {
      }
    },
    "MaxResults": {
      "base": null,
      "refs": {
        "ListAssociationsRequest$MaxResults": "<p>The maximum number of items to return for this call. The call also returns a token that you can specify in a subsequent call to get the next set of results.</p>",
        "ListDocumentsRequest$MaxResults": "<p>The maximum number of items to return for this call. The call also returns a token that you can specify in a subsequent call to get the next set of results.</p>"
      }
    },
    "NextToken": {
      "base": null,
      "refs": {
        "ListAssociationsRequest$NextToken": "<p>The token for the next set of items to return. (You received this token from a previous call.)</p>",
        "ListAssociationsResult$NextToken": "<p>The token to use when requesting the next set of items. If there are no additional items to return, the string is empty.</p>",
        "ListDocumentsRequest$NextToken": "<p>The token for the next set of items to return. (You received this token from a previous call.)</p>",
        "ListDocumentsResult$NextToken": "<p>The token to use when requesting the next set of items. If there are no additional items to return, the string is empty.</p>"
      }
    },
    "StatusAdditionalInfo": {
      "base": null,
      "refs": {
        "AssociationStatus$AdditionalInfo": "<p>A user-defined string.</p>"
      }
    },
    "StatusMessage": {
      "base": null,
      "refs": {
        "AssociationStatus$Message": "<p>The reason for the status.</p>"
      }
    },
    "StatusUnchanged": {
      "base": "<p>The updated status is the same as the current status.</p>",
      "refs": {
      }
    },
    "String": {
      "base": null,
      "refs": {
        "InvalidDocumentContent$message": "<p>A description of the validation error.</p>"
      }
    },
    "TooManyUpdates": {
      "base": "<p>There are concurrent updates for a resource that supports one update at a time.</p>",
      "refs": {
      }
    },
    "UpdateAssociationStatusRequest": {
      "base": null,
      "refs": {
      }
    },
    "UpdateAssociationStatusResult": {
      "base": null,
      "refs": {
      }
    }
  }
}
