{
  "version": "2.0",
  "operations": {
    "CreateAlias": "<p> Creates a display name for a customer master key. An alias can be used to identify a key and should be unique. The console enforces a one-to-one mapping between the alias and a key. An alias name can contain only alphanumeric characters, forward slashes (/), underscores (_), and dashes (-). An alias must start with the word \"alias\" followed by a forward slash (alias/). An alias that begins with \"aws\" after the forward slash (alias/aws...) is reserved by Amazon Web Services (AWS). </p> <p>To associate an alias with a different key, call <a>UpdateAlias</a>.</p> <p>Note that you cannot create or update an alias that represents a key in another account.</p>",
    "CreateGrant": "<p>Adds a grant to a key to specify who can access the key and under what conditions. Grants are alternate permission mechanisms to key policies. For more information about grants, see <a href=\"http://docs.aws.amazon.com/kms/latest/developerguide/grants.html\">Grants</a> in the developer guide. If a grant is absent, access to the key is evaluated based on IAM policies attached to the user. <ol> <li><a>ListGrants</a></li> <li><a>RetireGrant</a></li> <li><a>RevokeGrant</a></li> </ol> </p>",
    "CreateKey": "<p>Creates a customer master key. Customer master keys can be used to encrypt small amounts of data (less than 4K) directly, but they are most commonly used to encrypt or envelope data keys that are then used to encrypt customer data. For more information about data keys, see <a>GenerateDataKey</a> and <a>GenerateDataKeyWithoutPlaintext</a>.</p>",
    "Decrypt": "<p>Decrypts ciphertext. Ciphertext is plaintext that has been previously encrypted by using any of the following functions: <ul> <li><a>GenerateDataKey</a></li> <li><a>GenerateDataKeyWithoutPlaintext</a></li> <li><a>Encrypt</a></li> </ul> </p> <p>Note that if a caller has been granted access permissions to all keys (through, for example, IAM user policies that grant <code>Decrypt</code> permission on all resources), then ciphertext encrypted by using keys in other accounts where the key grants access to the caller can be decrypted. To remedy this, we recommend that you do not grant <code>Decrypt</code> access in an IAM user policy. Instead grant <code>Decrypt</code> access only in key policies. If you must grant <code>Decrypt</code> access in an IAM user policy, you should scope the resource to specific keys or to specific trusted accounts. </p>",
    "DeleteAlias": "<p>Deletes the specified alias. To associate an alias with a different key, call <a>UpdateAlias</a>.</p>",
    "DescribeKey": "<p>Provides detailed information about the specified customer master key.</p>",
    "DisableKey": "<p>Marks a key as disabled, thereby preventing its use.</p>",
    "DisableKeyRotation": "Disables rotation of the specified key.",
    "EnableKey": "Marks a key as enabled, thereby permitting its use. You can have up to 25 enabled keys at one time.",
    "EnableKeyRotation": "Enables rotation of the specified customer master key.",
    "Encrypt": "<p>Encrypts plaintext into ciphertext by using a customer master key. The <code>Encrypt</code> function has two primary use cases: <ul> <li>You can encrypt up to 4 KB of arbitrary data such as an RSA key, a database password, or other sensitive customer information.</li> <li>If you are moving encrypted data from one region to another, you can use this API to encrypt in the new region the plaintext data key that was used to encrypt the data in the original region. This provides you with an encrypted copy of the data key that can be decrypted in the new region and used there to decrypt the encrypted data. </li> </ul> </p> <p>Unless you are moving encrypted data from one region to another, you don't use this function to encrypt a generated data key within a region. You retrieve data keys already encrypted by calling the <a>GenerateDataKey</a> or <a>GenerateDataKeyWithoutPlaintext</a> function. Data keys don't need to be encrypted again by calling <code>Encrypt</code>. </p> <p>If you want to encrypt data locally in your application, you can use the <code>GenerateDataKey</code> function to return a plaintext data encryption key and a copy of the key encrypted under the customer master key (CMK) of your choosing. </p>",
    "GenerateDataKey": "<p>Generates a data key that you can use in your application to locally encrypt data. This call returns a plaintext version of the key in the <code>Plaintext</code> field of the response object and an encrypted copy of the key in the <code>CiphertextBlob</code> field. The key is encrypted by using the master key specified by the <code>KeyId</code> field. To decrypt the encrypted key, pass it to the <code>Decrypt</code> API. </p> <p>We recommend that you use the following pattern to locally encrypt data: call the <code>GenerateDataKey</code> API, use the key returned in the <code>Plaintext</code> response field to locally encrypt data, and then erase the plaintext data key from memory. Store the encrypted data key (contained in the <code>CiphertextBlob</code> field) alongside of the locally encrypted data. </p> <note>You should not call the <code>Encrypt</code> function to re-encrypt your data keys within a region. <code>GenerateDataKey</code> always returns the data key encrypted and tied to the customer master key that will be used to decrypt it. There is no need to decrypt it twice. </note> <p>If you decide to use the optional <code>EncryptionContext</code> parameter, you must also store the context in full or at least store enough information along with the encrypted data to be able to reconstruct the context when submitting the ciphertext to the <code>Decrypt</code> API. It is a good practice to choose a context that you can reconstruct on the fly to better secure the ciphertext. For more information about how this parameter is used, see <a href=\"http://docs.aws.amazon.com/kms/latest/developerguide/encrypt-context.html\">Encryption Context</a>. </p> <p>To decrypt data, pass the encrypted data key to the <code>Decrypt</code> API. <code>Decrypt</code> uses the associated master key to decrypt the encrypted data key and returns it as plaintext. Use the plaintext data key to locally decrypt your data and then erase the key from memory. You must specify the encryption context, if any, that you specified when you generated the key. The encryption context is logged by CloudTrail, and you can use this log to help track the use of particular data. </p>",
    "GenerateDataKeyWithoutPlaintext": "<p>Returns a data key encrypted by a customer master key without the plaintext copy of that key. Otherwise, this API functions exactly like <a>GenerateDataKey</a>. You can use this API to, for example, satisfy an audit requirement that an encrypted key be made available without exposing the plaintext copy of that key. </p>",
    "GenerateRandom": "<p>Generates an unpredictable byte string. </p>",
    "GetKeyPolicy": "<p>Retrieves a policy attached to the specified key.</p>",
    "GetKeyRotationStatus": "Retrieves a Boolean value that indicates whether key rotation is enabled for the specified key.",
    "ListAliases": "<p>Lists all of the key aliases in the account.</p>",
    "ListGrants": "<p>List the grants for a specified key.</p>",
    "ListKeyPolicies": "<p>Retrieves a list of policies attached to a key.</p>",
    "ListKeys": "<p>Lists the customer master keys.</p>",
    "PutKeyPolicy": "<p>Attaches a policy to the specified key.</p>",
    "ReEncrypt": "<p>Encrypts data on the server side with a new customer master key without exposing the plaintext of the data on the client side. The data is first decrypted and then encrypted. This operation can also be used to change the encryption context of a ciphertext. </p> <p>Unlike other actions, <code>ReEncrypt</code> is authorized twice - once as <code>ReEncryptFrom</code> on the source key and once as <code>ReEncryptTo</code> on the destination key. We therefore recommend that you include the <code>\"action\":\"kms:ReEncrypt*\"</code> statement in your key policies to permit re-encryption from or to the key. The statement is included automatically when you authorize use of the key through the console but must be included manually when you set a policy by using the <a>PutKeyPolicy</a> function. </p>",
    "RetireGrant": "<p>Retires a grant. You can retire a grant when you're done using it to clean up. You should revoke a grant when you intend to actively deny operations that depend on it. The following are permitted to call this API: <ul> <li>The account that created the grant</li> <li>The <code>RetiringPrincipal</code>, if present</li> <li>The <code>GranteePrincipal</code>, if <code>RetireGrant</code> is a grantee operation</li> </ul> The grant to retire must be identified by its grant token or by a combination of the key ARN and the grant ID. A grant token is a unique variable-length base64-encoded string. A grant ID is a 64 character unique identifier of a grant. Both are returned by the <code>CreateGrant</code> function. </p>",
    "RevokeGrant": "Revokes a grant. You can revoke a grant to actively deny operations that depend on it.",
    "UpdateAlias": "<p>Updates an alias to associate it with a different key.</p> <p>An alias name can contain only alphanumeric characters, forward slashes (/), underscores (_), and dashes (-). An alias must start with the word \"alias\" followed by a forward slash (alias/). An alias that begins with \"aws\" after the forward slash (alias/aws...) is reserved by Amazon Web Services (AWS). </p> <p>An alias is not a property of a key. Therefore, an alias can be associated with and disassociated from an existing key without changing the properties of the key. </p> <p>Note that you cannot create or update an alias that represents a key in another account.</p>",
    "UpdateKeyDescription": "<p>Updates the description of a key.</p>"
  },
  "service": "<fullname>AWS Key Management Service</fullname> <p> AWS Key Management Service (KMS) is an encryption and key management web service. This guide describes the KMS actions that you can call programmatically. For general information about KMS, see the <a href=\"http://docs.aws.amazon.com/kms/latest/developerguide/overview.html\"> AWS Key Management Service Developer Guide </a> </p> <note> AWS provides SDKs that consist of libraries and sample code for various programming languages and platforms (Java, Ruby, .Net, iOS, Android, etc.). The SDKs provide a convenient way to create programmatic access to KMS and AWS. For example, the SDKs take care of tasks such as signing requests (see below), managing errors, and retrying requests automatically. For more information about the AWS SDKs, including how to download and install them, see <a href=\"http://aws.amazon.com/tools/\">Tools for Amazon Web Services</a>. </note> <p> We recommend that you use the AWS SDKs to make programmatic API calls to KMS. </p> <p>Clients must support TLS (Transport Layer Security) 1.0. We recommend TLS 1.2. Clients must also support cipher suites with Perfect Forward Secrecy (PFS) such as Ephemeral Diffie-Hellman (DHE) or Elliptic Curve Ephemeral Diffie-Hellman (ECDHE). Most modern systems such as Java 7 and later support these modes. </p> <p><b>Signing Requests</b></p> <p> Requests must be signed by using an access key ID and a secret access key. We strongly recommend that you do not use your AWS account access key ID and secret key for everyday work with KMS. Instead, use the access key ID and secret access key for an IAM user, or you can use the AWS Security Token Service to generate temporary security credentials that you can use to sign requests. </p> <p> All KMS operations require <a href=\"http://docs.aws.amazon.com/general/latest/gr/signature-version-4.html\">Signature Version 4</a>. </p> <p><b>Recording API Requests</b></p> <p> KMS supports AWS CloudTrail, a service that records AWS API calls and related events for your AWS account and delivers them to an Amazon S3 bucket that you specify. By using the information collected by CloudTrail, you can determine what requests were made to KMS, who made the request, when it was made, and so on. To learn more about CloudTrail, including how to turn it on and find your log files, see the <a href=\"http://docs.aws.amazon.com/awscloudtrail/latest/userguide/whatiscloudtrail.html\">AWS CloudTrail User Guide</a> </p> <p><b>Additional Resources</b></p> <p>For more information about credentials and request signing, see the following:</p> <ul> <li> <a href=\"http://docs.aws.amazon.com/general/latest/gr/aws-security-credentials.html\">AWS Security Credentials</a>. This topic provides general information about the types of credentials used for accessing AWS. </li> <li> <a href=\"http://docs.aws.amazon.com/STS/latest/UsingSTS/\">AWS Security Token Service</a>. This guide describes how to create and use temporary security credentials. </li> <li> <a href=\"http://docs.aws.amazon.com/general/latest/gr/signing_aws_api_requests.html\">Signing AWS API Requests</a>. This set of topics walks you through the process of signing a request using an access key ID and a secret access key. </li> </ul> <p><b>Commonly Used APIs</b></p> <p> Of the APIs discussed in this guide, the following will prove the most useful for most applications. You will likely perform actions other than these, such as creating keys and assigning policies, by using the console. <ul> <li><a>Encrypt</a></li> <li><a>Decrypt</a></li> <li><a>GenerateDataKey</a></li> <li><a>GenerateDataKeyWithoutPlaintext</a></li> </ul> </p>",
  "shapes": {
    "AWSAccountIdType": {
      "base": null,
      "refs": {
        "KeyMetadata$AWSAccountId": "<p>Account ID number.</p>"
      }
    },
    "AliasList": {
      "base": null,
      "refs": {
        "ListAliasesResponse$Aliases": "<p>A list of key aliases in the user's account.</p>"
      }
    },
    "AliasListEntry": {
      "base": "Contains information about an alias.",
      "refs": {
        "AliasList$member": null
      }
    },
    "AliasNameType": {
      "base": null,
      "refs": {
        "AliasListEntry$AliasName": "<p>String that contains the alias.</p>",
        "CreateAliasRequest$AliasName": "<p>String that contains the display name. The name must start with the word \"alias\" followed by a forward slash (alias/). Aliases that begin with \"alias/AWS\" are reserved. </p>",
        "DeleteAliasRequest$AliasName": "<p>The alias to be deleted. The name must start with the word \"alias\" followed by a forward slash (alias/). Aliases that begin with \"alias/AWS\" are reserved.</p>",
        "UpdateAliasRequest$AliasName": "String that contains the name of the alias to be modifed. The name must start with the word \"alias\" followed by a forward slash (alias/). Aliases that begin with \"alias/AWS\" are reserved."
      }
    },
    "AlreadyExistsException": {
      "base": "<p>The request was rejected because it attempted to create a resource that already exists.</p>",
      "refs": {
      }
    },
    "ArnType": {
      "base": null,
      "refs": {
        "AliasListEntry$AliasArn": "<p>String that contains the key ARN.</p>",
        "KeyListEntry$KeyArn": "<p>ARN of the key.</p>",
        "KeyMetadata$Arn": "<p>Key ARN (Amazon Resource Name).</p>"
      }
    },
    "BooleanType": {
      "base": null,
      "refs": {
        "GetKeyRotationStatusResponse$KeyRotationEnabled": "A Boolean value that specifies whether key rotation is enabled.",
        "KeyMetadata$Enabled": "<p>Value that specifies whether the key is enabled.</p>",
        "ListAliasesResponse$Truncated": "<p>A flag that indicates whether there are more items in the list. If your results were truncated, you can make a subsequent pagination request using the <code>Marker</code> request parameter to retrieve more aliases in the list. </p>",
        "ListGrantsResponse$Truncated": "<p>A flag that indicates whether there are more items in the list. If your results were truncated, you can make a subsequent pagination request using the <code>Marker</code> request parameter to retrieve more grants in the list. </p>",
        "ListKeyPoliciesResponse$Truncated": "<p>A flag that indicates whether there are more items in the list. If your results were truncated, you can make a subsequent pagination request using the <code>Marker</code> request parameter to retrieve more policies in the list. </p>",
        "ListKeysResponse$Truncated": "<p>A flag that indicates whether there are more items in the list. If your results were truncated, you can make a subsequent pagination request using the <code>Marker</code> request parameter to retrieve more keys in the list. </p>"
      }
    },
    "CiphertextType": {
      "base": null,
      "refs": {
        "DecryptRequest$CiphertextBlob": "<p>Ciphertext to be decrypted. The blob includes metadata.</p>",
        "EncryptResponse$CiphertextBlob": "<p>The encrypted plaintext. If you are using the CLI, the value is Base64 encoded. Otherwise, it is not encoded.</p>",
        "GenerateDataKeyResponse$CiphertextBlob": "<p>Ciphertext that contains the encrypted data key. You must store the blob and enough information to reconstruct the encryption context so that the data encrypted by using the key can later be decrypted. You must provide both the ciphertext blob and the encryption context to the <a>Decrypt</a> API to recover the plaintext data key and decrypt the object. </p> <p>If you are using the CLI, the value is Base64 encoded. Otherwise, it is not encoded.</p>",
        "GenerateDataKeyWithoutPlaintextResponse$CiphertextBlob": "<p>Ciphertext that contains the wrapped data key. You must store the blob and encryption context so that the key can be used in a future decrypt operation. </p> <p>If you are using the CLI, the value is Base64 encoded. Otherwise, it is not encoded. </p>",
        "ReEncryptRequest$CiphertextBlob": "<p>Ciphertext of the data to re-encrypt.</p>",
        "ReEncryptResponse$CiphertextBlob": "<p>The re-encrypted data. If you are using the CLI, the value is Base64 encoded. Otherwise, it is not encoded.</p>"
      }
    },
    "CreateAliasRequest": {
      "base": null,
      "refs": {
      }
    },
    "CreateGrantRequest": {
      "base": null,
      "refs": {
      }
    },
    "CreateGrantResponse": {
      "base": null,
      "refs": {
      }
    },
    "CreateKeyRequest": {
      "base": null,
      "refs": {
      }
    },
    "CreateKeyResponse": {
      "base": null,
      "refs": {
      }
    },
    "DataKeySpec": {
      "base": null,
      "refs": {
        "GenerateDataKeyRequest$KeySpec": "<p>Value that identifies the encryption algorithm and key size to generate a data key for. Currently this can be AES_128 or AES_256. </p>",
        "GenerateDataKeyWithoutPlaintextRequest$KeySpec": "<p>Value that identifies the encryption algorithm and key size. Currently this can be AES_128 or AES_256. </p>"
      }
    },
    "DateType": {
      "base": null,
      "refs": {
        "KeyMetadata$CreationDate": "<p>Date the key was created.</p>"
      }
    },
    "DecryptRequest": {
      "base": null,
      "refs": {
      }
    },
    "DecryptResponse": {
      "base": null,
      "refs": {
      }
    },
    "DeleteAliasRequest": {
      "base": null,
      "refs": {
      }
    },
    "DependencyTimeoutException": {
      "base": "<p>The system timed out while trying to fulfill the request.</p>",
      "refs": {
      }
    },
    "DescribeKeyRequest": {
      "base": null,
      "refs": {
      }
    },
    "DescribeKeyResponse": {
      "base": null,
      "refs": {
      }
    },
    "DescriptionType": {
      "base": null,
      "refs": {
        "CreateKeyRequest$Description": "<p>Description of the key. We recommend that you choose a description that helps your customer decide whether the key is appropriate for a task. </p>",
        "KeyMetadata$Description": "<p>The description of the key.</p>",
        "UpdateKeyDescriptionRequest$Description": "<p>New description for the key.</p>"
      }
    },
    "DisableKeyRequest": {
      "base": null,
      "refs": {
      }
    },
    "DisableKeyRotationRequest": {
      "base": null,
      "refs": {
      }
    },
    "DisabledException": {
      "base": "<p>A request was rejected because the specified key was marked as disabled.</p>",
      "refs": {
      }
    },
    "EnableKeyRequest": {
      "base": null,
      "refs": {
      }
    },
    "EnableKeyRotationRequest": {
      "base": null,
      "refs": {
      }
    },
    "EncryptRequest": {
      "base": null,
      "refs": {
      }
    },
    "EncryptResponse": {
      "base": null,
      "refs": {
      }
    },
    "EncryptionContextKey": {
      "base": null,
      "refs": {
        "EncryptionContextType$key": null
      }
    },
    "EncryptionContextType": {
      "base": null,
      "refs": {
        "DecryptRequest$EncryptionContext": "<p>The encryption context. If this was specified in the <a>Encrypt</a> function, it must be specified here or the decryption operation will fail. For more information, see <a href=\"http://docs.aws.amazon.com/kms/latest/developerguide/encrypt-context.html\">Encryption Context</a>. </p>",
        "EncryptRequest$EncryptionContext": "<p>Name/value pair that specifies the encryption context to be used for authenticated encryption. If used here, the same value must be supplied to the <code>Decrypt</code> API or decryption will fail. For more information, see <a href=\"http://docs.aws.amazon.com/kms/latest/developerguide/encrypt-context.html\">Encryption Context</a>. </p>",
        "GenerateDataKeyRequest$EncryptionContext": "<p>Name/value pair that contains additional data to be authenticated during the encryption and decryption processes that use the key. This value is logged by AWS CloudTrail to provide context around the data encrypted by the key. </p>",
        "GenerateDataKeyWithoutPlaintextRequest$EncryptionContext": "<p>Name:value pair that contains additional data to be authenticated during the encryption and decryption processes. </p>",
        "GrantConstraints$EncryptionContextSubset": "The constraint equals the full encryption context.",
        "GrantConstraints$EncryptionContextEquals": "The constraint contains additional key/value pairs that serve to further limit the grant.",
        "ReEncryptRequest$SourceEncryptionContext": "<p>Encryption context used to encrypt and decrypt the data specified in the <code>CiphertextBlob</code> parameter. </p>",
        "ReEncryptRequest$DestinationEncryptionContext": "<p>Encryption context to be used when the data is re-encrypted.</p>"
      }
    },
    "EncryptionContextValue": {
      "base": null,
      "refs": {
        "EncryptionContextType$value": null
      }
    },
    "ErrorMessageType": {
      "base": null,
      "refs": {
        "AlreadyExistsException$message": null,
        "DependencyTimeoutException$message": null,
        "DisabledException$message": null,
        "InvalidAliasNameException$message": null,
        "InvalidArnException$message": null,
        "InvalidCiphertextException$message": null,
        "InvalidGrantTokenException$message": null,
        "InvalidKeyUsageException$message": null,
        "InvalidMarkerException$message": null,
        "KMSInternalException$message": null,
        "KeyUnavailableException$message": null,
        "LimitExceededException$message": null,
        "MalformedPolicyDocumentException$message": null,
        "NotFoundException$message": null,
        "UnsupportedOperationException$message": null
      }
    },
    "GenerateDataKeyRequest": {
      "base": null,
      "refs": {
      }
    },
    "GenerateDataKeyResponse": {
      "base": null,
      "refs": {
      }
    },
    "GenerateDataKeyWithoutPlaintextRequest": {
      "base": null,
      "refs": {
      }
    },
    "GenerateDataKeyWithoutPlaintextResponse": {
      "base": null,
      "refs": {
      }
    },
    "GenerateRandomRequest": {
      "base": null,
      "refs": {
      }
    },
    "GenerateRandomResponse": {
      "base": null,
      "refs": {
      }
    },
    "GetKeyPolicyRequest": {
      "base": null,
      "refs": {
      }
    },
    "GetKeyPolicyResponse": {
      "base": null,
      "refs": {
      }
    },
    "GetKeyRotationStatusRequest": {
      "base": null,
      "refs": {
      }
    },
    "GetKeyRotationStatusResponse": {
      "base": null,
      "refs": {
      }
    },
    "GrantConstraints": {
      "base": "Contains constraints on the grant.",
      "refs": {
        "CreateGrantRequest$Constraints": "<p>Specifies the conditions under which the actions specified by the <code>Operations</code> parameter are allowed. </p>",
        "GrantListEntry$Constraints": "<p>Specifies the conditions under which the actions specified by the <code>Operations</code> parameter are allowed. </p>"
      }
    },
    "GrantIdType": {
      "base": null,
      "refs": {
        "CreateGrantResponse$GrantId": "<p>Unique grant identifier. You can use the <i>GrantId</i> value to revoke a grant.</p>",
        "GrantListEntry$GrantId": "<p>Unique grant identifier.</p>",
        "RetireGrantRequest$GrantId": "<p> Unique identifier of the grant to be retired. The grant ID is returned by the <code>CreateGrant</code> function. <ul> <li>Grant ID Example - 0123456789012345678901234567890123456789012345678901234567890123</li> </ul> </p>",
        "RevokeGrantRequest$GrantId": "<p>Identifier of the grant to be revoked.</p>"
      }
    },
    "GrantList": {
      "base": null,
      "refs": {
        "ListGrantsResponse$Grants": "<p>A list of grants.</p>"
      }
    },
    "GrantListEntry": {
      "base": "<p>Contains information about each entry in the grant list.</p>",
      "refs": {
        "GrantList$member": null
      }
    },
    "GrantOperation": {
      "base": null,
      "refs": {
        "GrantOperationList$member": null
      }
    },
    "GrantOperationList": {
      "base": null,
      "refs": {
        "CreateGrantRequest$Operations": "<p>List of operations permitted by the grant. This can be any combination of one or more of the following values: <ol> <li>Decrypt</li> <li>Encrypt</li> <li>GenerateDataKey</li> <li>GenerateDataKeyWithoutPlaintext</li> <li>ReEncryptFrom</li> <li>ReEncryptTo</li> <li>CreateGrant</li> <li>RetireGrant</li> </ol> </p>",
        "GrantListEntry$Operations": "<p>List of operations permitted by the grant. This can be any combination of one or more of the following values: <ol> <li>Decrypt</li> <li>Encrypt</li> <li>GenerateDataKey</li> <li>GenerateDataKeyWithoutPlaintext</li> <li>ReEncryptFrom</li> <li>ReEncryptTo</li> <li>CreateGrant</li> </ol></p>"
      }
    },
    "GrantTokenList": {
      "base": null,
      "refs": {
        "CreateGrantRequest$GrantTokens": "<p>For more information, see <a href=\"http://docs.aws.amazon.com/kms/latest/developerguide/concepts.html#grant_token\">Grant Tokens</a>. </p>",
        "DecryptRequest$GrantTokens": "<p>For more information, see <a href=\"http://docs.aws.amazon.com/kms/latest/developerguide/concepts.html#grant_token\">Grant Tokens</a>. </p>",
        "EncryptRequest$GrantTokens": "<p>For more information, see <a href=\"http://docs.aws.amazon.com/kms/latest/developerguide/concepts.html#grant_token\">Grant Tokens</a>. </p>",
        "GenerateDataKeyRequest$GrantTokens": "<p>For more information, see <a href=\"http://docs.aws.amazon.com/kms/latest/developerguide/concepts.html#grant_token\">Grant Tokens</a>. </p>",
        "GenerateDataKeyWithoutPlaintextRequest$GrantTokens": "<p>For more information, see <a href=\"http://docs.aws.amazon.com/kms/latest/developerguide/concepts.html#grant_token\">Grant Tokens</a>. </p>",
        "ReEncryptRequest$GrantTokens": "<p>For more information, see <a href=\"http://docs.aws.amazon.com/kms/latest/developerguide/concepts.html#grant_token\">Grant Tokens</a>. </p>"
      }
    },
    "GrantTokenType": {
      "base": null,
      "refs": {
        "CreateGrantResponse$GrantToken": "<p>For more information, see <a href=\"http://docs.aws.amazon.com/kms/latest/developerguide/concepts.html#grant_token\">Grant Tokens</a>. </p>",
        "GrantTokenList$member": null,
        "RetireGrantRequest$GrantToken": "<p>Token that identifies the grant to be retired.</p>"
      }
    },
    "InvalidAliasNameException": {
      "base": "<p>The request was rejected because the specified alias name is not valid.</p>",
      "refs": {
      }
    },
    "InvalidArnException": {
      "base": "<p>The request was rejected because a specified ARN was not valid.</p>",
      "refs": {
      }
    },
    "InvalidCiphertextException": {
      "base": "<p>The request was rejected because the specified ciphertext has been corrupted or is otherwise invalid.</p>",
      "refs": {
      }
    },
    "InvalidGrantTokenException": {
      "base": "<p>A grant token provided as part of the request is invalid.</p>",
      "refs": {
      }
    },
    "InvalidKeyUsageException": {
      "base": "<p>The request was rejected because the specified KeySpec parameter is not valid. The currently supported value is ENCRYPT/DECRYPT. </p>",
      "refs": {
      }
    },
    "InvalidMarkerException": {
      "base": "<p>The request was rejected because the marker that specifies where pagination should next begin is not valid. </p>",
      "refs": {
      }
    },
    "KMSInternalException": {
      "base": "<p>The request was rejected because an internal exception occurred. This error can be retried.</p>",
      "refs": {
      }
    },
    "KeyIdType": {
      "base": null,
      "refs": {
        "AliasListEntry$TargetKeyId": "<p>String that contains the key identifier pointed to by the alias.</p>",
        "CreateAliasRequest$TargetKeyId": "<p>An identifier of the key for which you are creating the alias. This value cannot be another alias but can be a globally unique identifier or a fully specified ARN to a key. <ul> <li>Key ARN Example - arn:aws:kms:us-east-1:123456789012:key/12345678-1234-1234-1234-123456789012</li> <li>Globally Unique Key ID Example - 12345678-1234-1234-1234-123456789012</li> </ul> </p>",
        "CreateGrantRequest$KeyId": "<p>A unique identifier for the customer master key. This value can be a globally unique identifier or the fully specified ARN to a key. <ul> <li>Key ARN Example - arn:aws:kms:us-east-1:123456789012:key/12345678-1234-1234-1234-123456789012</li> <li>Globally Unique Key ID Example - 12345678-1234-1234-1234-123456789012</li> </ul> </p>",
        "DecryptResponse$KeyId": "<p>ARN of the key used to perform the decryption. This value is returned if no errors are encountered during the operation. </p>",
        "DescribeKeyRequest$KeyId": "<p>A unique identifier for the customer master key. This value can be a globally unique identifier, a fully specified ARN to either an alias or a key, or an alias name prefixed by \"alias/\". <ul> <li>Key ARN Example - arn:aws:kms:us-east-1:123456789012:key/12345678-1234-1234-1234-123456789012</li> <li>Alias ARN Example - arn:aws:kms:us-east-1:123456789012:alias/MyAliasName</li> <li>Globally Unique Key ID Example - 12345678-1234-1234-1234-123456789012</li> <li>Alias Name Example - alias/MyAliasName</li> </ul> </p>",
        "DisableKeyRequest$KeyId": "<p>A unique identifier for the customer master key. This value can be a globally unique identifier or the fully specified ARN to a key. <ul> <li>Key ARN Example - arn:aws:kms:us-east-1:123456789012:key/12345678-1234-1234-1234-123456789012</li> <li>Globally Unique Key ID Example - 12345678-1234-1234-1234-123456789012</li> </ul> </p>",
        "DisableKeyRotationRequest$KeyId": "<p>A unique identifier for the customer master key. This value can be a globally unique identifier or the fully specified ARN to a key. <ul> <li>Key ARN Example - arn:aws:kms:us-east-1:123456789012:key/12345678-1234-1234-1234-123456789012</li> <li>Globally Unique Key ID Example - 12345678-1234-1234-1234-123456789012</li> </ul> </p>",
        "EnableKeyRequest$KeyId": "<p>A unique identifier for the customer master key. This value can be a globally unique identifier or the fully specified ARN to a key. <ul> <li>Key ARN Example - arn:aws:kms:us-east-1:123456789012:key/12345678-1234-1234-1234-123456789012</li> <li>Globally Unique Key ID Example - 12345678-1234-1234-1234-123456789012</li> </ul> </p>",
        "EnableKeyRotationRequest$KeyId": "<p>A unique identifier for the customer master key. This value can be a globally unique identifier or the fully specified ARN to a key. <ul> <li>Key ARN Example - arn:aws:kms:us-east-1:123456789012:key/12345678-1234-1234-1234-123456789012</li> <li>Globally Unique Key ID Example - 12345678-1234-1234-1234-123456789012</li> </ul> </p>",
        "EncryptRequest$KeyId": "<p>A unique identifier for the customer master key. This value can be a globally unique identifier, a fully specified ARN to either an alias or a key, or an alias name prefixed by \"alias/\". <ul> <li>Key ARN Example - arn:aws:kms:us-east-1:123456789012:key/12345678-1234-1234-1234-123456789012</li> <li>Alias ARN Example - arn:aws:kms:us-east-1:123456789012:alias/MyAliasName</li> <li>Globally Unique Key ID Example - 12345678-1234-1234-1234-123456789012</li> <li>Alias Name Example - alias/MyAliasName</li> </ul> </p>",
        "EncryptResponse$KeyId": "<p>The ID of the key used during encryption.</p>",
        "GenerateDataKeyRequest$KeyId": "<p>A unique identifier for the customer master key. This value can be a globally unique identifier, a fully specified ARN to either an alias or a key, or an alias name prefixed by \"alias/\". <ul> <li>Key ARN Example - arn:aws:kms:us-east-1:123456789012:key/12345678-1234-1234-1234-123456789012</li> <li>Alias ARN Example - arn:aws:kms:us-east-1:123456789012:alias/MyAliasName</li> <li>Globally Unique Key ID Example - 12345678-1234-1234-1234-123456789012</li> <li>Alias Name Example - alias/MyAliasName</li> </ul> </p>",
        "GenerateDataKeyResponse$KeyId": "<p>System generated unique identifier of the key to be used to decrypt the encrypted copy of the data key.</p>",
        "GenerateDataKeyWithoutPlaintextRequest$KeyId": "<p>A unique identifier for the customer master key. This value can be a globally unique identifier, a fully specified ARN to either an alias or a key, or an alias name prefixed by \"alias/\". <ul> <li>Key ARN Example - arn:aws:kms:us-east-1:123456789012:key/12345678-1234-1234-1234-123456789012</li> <li>Alias ARN Example - arn:aws:kms:us-east-1:123456789012:alias/MyAliasName</li> <li>Globally Unique Key ID Example - 12345678-1234-1234-1234-123456789012</li> <li>Alias Name Example - alias/MyAliasName</li> </ul> </p>",
        "GenerateDataKeyWithoutPlaintextResponse$KeyId": "<p>System generated unique identifier of the key to be used to decrypt the encrypted copy of the data key.</p>",
        "GetKeyPolicyRequest$KeyId": "<p>A unique identifier for the customer master key. This value can be a globally unique identifier or the fully specified ARN to a key. <ul> <li>Key ARN Example - arn:aws:kms:us-east-1:123456789012:key/12345678-1234-1234-1234-123456789012</li> <li>Globally Unique Key ID Example - 12345678-1234-1234-1234-123456789012</li> </ul> </p>",
        "GetKeyRotationStatusRequest$KeyId": "<p>A unique identifier for the customer master key. This value can be a globally unique identifier or the fully specified ARN to a key. <ul> <li>Key ARN Example - arn:aws:kms:us-east-1:123456789012:key/12345678-1234-1234-1234-123456789012</li> <li>Globally Unique Key ID Example - 12345678-1234-1234-1234-123456789012</li> </ul> </p>",
        "KeyListEntry$KeyId": "<p>Unique identifier of the key.</p>",
        "KeyMetadata$KeyId": "<p>Unique identifier for the key.</p>",
        "ListGrantsRequest$KeyId": "<p>A unique identifier for the customer master key. This value can be a globally unique identifier or the fully specified ARN to a key. <ul> <li>Key ARN Example - arn:aws:kms:us-east-1:123456789012:key/12345678-1234-1234-1234-123456789012</li> <li>Globally Unique Key ID Example - 12345678-1234-1234-1234-123456789012</li> </ul> </p>",
        "ListKeyPoliciesRequest$KeyId": "<p>A unique identifier for the customer master key. This value can be a globally unique identifier, a fully specified ARN to either an alias or a key, or an alias name prefixed by \"alias/\". <ul> <li>Key ARN Example - arn:aws:kms:us-east-1:123456789012:key/12345678-1234-1234-1234-123456789012</li> <li>Alias ARN Example - arn:aws:kms:us-east-1:123456789012:alias/MyAliasName</li> <li>Globally Unique Key ID Example - 12345678-1234-1234-1234-123456789012</li> <li>Alias Name Example - alias/MyAliasName</li> </ul> </p>",
        "PutKeyPolicyRequest$KeyId": "<p>A unique identifier for the customer master key. This value can be a globally unique identifier or the fully specified ARN to a key. <ul> <li>Key ARN Example - arn:aws:kms:us-east-1:123456789012:key/12345678-1234-1234-1234-123456789012</li> <li>Globally Unique Key ID Example - 12345678-1234-1234-1234-123456789012</li> </ul> </p>",
        "ReEncryptRequest$DestinationKeyId": "<p>A unique identifier for the customer master key used to re-encrypt the data. This value can be a globally unique identifier, a fully specified ARN to either an alias or a key, or an alias name prefixed by \"alias/\". <ul> <li>Key ARN Example - arn:aws:kms:us-east-1:123456789012:key/12345678-1234-1234-1234-123456789012</li> <li>Alias ARN Example - arn:aws:kms:us-east-1:123456789012:alias/MyAliasName</li> <li>Globally Unique Key ID Example - 12345678-1234-1234-1234-123456789012</li> <li>Alias Name Example - alias/MyAliasName</li> </ul> </p>",
        "ReEncryptResponse$SourceKeyId": "<p>Unique identifier of the key used to originally encrypt the data.</p>",
        "ReEncryptResponse$KeyId": "<p>Unique identifier of the key used to re-encrypt the data.</p>",
        "RetireGrantRequest$KeyId": "<p>A unique identifier for the customer master key associated with the grant. This value can be a globally unique identifier or a fully specified ARN of the key. <ul> <li>Key ARN Example - arn:aws:kms:us-east-1:123456789012:key/12345678-1234-1234-1234-123456789012</li> <li>Globally Unique Key ID Example - 12345678-1234-1234-1234-123456789012</li> </ul> </p>",
        "RevokeGrantRequest$KeyId": "<p>A unique identifier for the customer master key associated with the grant. This value can be a globally unique identifier or the fully specified ARN to a key. <ul> <li>Key ARN Example - arn:aws:kms:us-east-1:123456789012:key/12345678-1234-1234-1234-123456789012</li> <li>Globally Unique Key ID Example - 12345678-1234-1234-1234-123456789012</li> </ul> </p>",
        "UpdateAliasRequest$TargetKeyId": "<p>Unique identifier of the customer master key to be associated with the alias. This value can be a globally unique identifier or the fully specified ARN of a key. <ul> <li>Key ARN Example - arn:aws:kms:us-east-1:123456789012:key/12345678-1234-1234-1234-123456789012</li> <li>Globally Unique Key ID Example - 12345678-1234-1234-1234-123456789012</li> </ul> </p>",
        "UpdateKeyDescriptionRequest$KeyId": "<p>A unique identifier for the customer master key. This value can be a globally unique identifier or the fully specified ARN to a key. <ul> <li>Key ARN Example - arn:aws:kms:us-east-1:123456789012:key/12345678-1234-1234-1234-123456789012</li> <li>Globally Unique Key ID Example - 12345678-1234-1234-1234-123456789012</li> </ul> </p>"
      }
    },
    "KeyList": {
      "base": null,
      "refs": {
        "ListKeysResponse$Keys": "<p>A list of keys.</p>"
      }
    },
    "KeyListEntry": {
      "base": "<p>Contains information about each entry in the key list.</p>",
      "refs": {
        "KeyList$member": null
      }
    },
    "KeyMetadata": {
      "base": "Contains metadata associated with a specific key.",
      "refs": {
        "CreateKeyResponse$KeyMetadata": "<p>Metadata associated with the key.</p>",
        "DescribeKeyResponse$KeyMetadata": "<p>Metadata associated with the key.</p>"
      }
    },
    "KeyUnavailableException": {
      "base": "<p>The request was rejected because the key was disabled, not found, or otherwise not available.</p>",
      "refs": {
      }
    },
    "KeyUsageType": {
      "base": null,
      "refs": {
        "CreateKeyRequest$KeyUsage": "<p>Specifies the intended use of the key. Currently this defaults to ENCRYPT/DECRYPT, and only symmetric encryption and decryption are supported. </p>",
        "KeyMetadata$KeyUsage": "<p>A value that specifies what operation(s) the key can perform.</p>"
      }
    },
    "LimitExceededException": {
      "base": "<p>The request was rejected because a quota was exceeded.</p>",
      "refs": {
      }
    },
    "LimitType": {
      "base": null,
      "refs": {
        "ListAliasesRequest$Limit": "<p>Specify this parameter when paginating results to indicate the maximum number of aliases you want in each response. If there are additional aliases beyond the maximum you specify, the <code>Truncated</code> response element will be set to <code>true.</code> </p>",
        "ListGrantsRequest$Limit": "<p>Specify this parameter only when paginating results to indicate the maximum number of grants you want listed in the response. If there are additional grants beyond the maximum you specify, the <code>Truncated</code> response element will be set to <code>true.</code> </p>",
        "ListKeyPoliciesRequest$Limit": "<p>Specify this parameter only when paginating results to indicate the maximum number of policies you want listed in the response. If there are additional policies beyond the maximum you specify, the <code>Truncated</code> response element will be set to <code>true.</code> </p>",
        "ListKeysRequest$Limit": "<p>Specify this parameter only when paginating results to indicate the maximum number of keys you want listed in the response. If there are additional keys beyond the maximum you specify, the <code>Truncated</code> response element will be set to <code>true.</code> </p>"
      }
    },
    "ListAliasesRequest": {
      "base": null,
      "refs": {
      }
    },
    "ListAliasesResponse": {
      "base": null,
      "refs": {
      }
    },
    "ListGrantsRequest": {
      "base": null,
      "refs": {
      }
    },
    "ListGrantsResponse": {
      "base": null,
      "refs": {
      }
    },
    "ListKeyPoliciesRequest": {
      "base": null,
      "refs": {
      }
    },
    "ListKeyPoliciesResponse": {
      "base": null,
      "refs": {
      }
    },
    "ListKeysRequest": {
      "base": null,
      "refs": {
      }
    },
    "ListKeysResponse": {
      "base": null,
      "refs": {
      }
    },
    "MalformedPolicyDocumentException": {
      "base": "<p>The request was rejected because the specified policy is not syntactically or semantically correct. </p>",
      "refs": {
      }
    },
    "MarkerType": {
      "base": null,
      "refs": {
        "ListAliasesRequest$Marker": "<p>Use this parameter when paginating results, and only in a subsequent request after you've received a response where the results are truncated. Set it to the value of the <code>NextMarker</code> element in the response you just received. </p>",
        "ListAliasesResponse$NextMarker": "<p>If <code>Truncated</code> is true, this value is present and contains the value to use for the <code>Marker</code> request parameter in a subsequent pagination request. </p>",
        "ListGrantsRequest$Marker": "<p>Use this parameter only when paginating results, and only in a subsequent request after you've received a response where the results are truncated. Set it to the value of the <code>NextMarker</code> in the response you just received. </p>",
        "ListGrantsResponse$NextMarker": "<p>If <code>Truncated</code> is true, this value is present and contains the value to use for the <code>Marker</code> request parameter in a subsequent pagination request. </p>",
        "ListKeyPoliciesRequest$Marker": "<p>Use this parameter only when paginating results, and only in a subsequent request after you've received a response where the results are truncated. Set it to the value of the <code>NextMarker</code> in the response you just received. </p>",
        "ListKeyPoliciesResponse$NextMarker": "<p>If <code>Truncated</code> is true, this value is present and contains the value to use for the <code>Marker</code> request parameter in a subsequent pagination request. </p>",
        "ListKeysRequest$Marker": "<p>Use this parameter only when paginating results, and only in a subsequent request after you've received a response where the results are truncated. Set it to the value of the <code>NextMarker</code> in the response you just received. </p>",
        "ListKeysResponse$NextMarker": "<p>If <code>Truncated</code> is true, this value is present and contains the value to use for the <code>Marker</code> request parameter in a subsequent pagination request. </p>"
      }
    },
    "NotFoundException": {
      "base": "<p>The request was rejected because the specified entity or resource could not be found. </p>",
      "refs": {
      }
    },
    "NumberOfBytesType": {
      "base": null,
      "refs": {
        "GenerateDataKeyRequest$NumberOfBytes": "<p>Integer that contains the number of bytes to generate. Common values are 128, 256, 512, and 1024. 1024 is the current limit. We recommend that you use the <code>KeySpec</code> parameter instead. </p>",
        "GenerateDataKeyWithoutPlaintextRequest$NumberOfBytes": "<p>Integer that contains the number of bytes to generate. Common values are 128, 256, 512, 1024 and so on. We recommend that you use the <code>KeySpec</code> parameter instead. </p>",
        "GenerateRandomRequest$NumberOfBytes": "<p>Integer that contains the number of bytes to generate. Common values are 128, 256, 512, 1024 and so on. The current limit is 1024 bytes. </p>"
      }
    },
    "PlaintextType": {
      "base": null,
      "refs": {
        "DecryptResponse$Plaintext": "<p>Decrypted plaintext data. This value may not be returned if the customer master key is not available or if you didn't have permission to use it.</p>",
        "EncryptRequest$Plaintext": "<p>Data to be encrypted.</p>",
        "GenerateDataKeyResponse$Plaintext": "<p>Plaintext that contains the data key. Use this for encryption and decryption and then remove it from memory as soon as possible. </p>",
        "GenerateRandomResponse$Plaintext": "<p>Plaintext that contains the unpredictable byte string.</p>"
      }
    },
    "PolicyNameList": {
      "base": null,
      "refs": {
        "ListKeyPoliciesResponse$PolicyNames": "<p>A list of policy names. Currently, there is only one policy and it is named \"Default\".</p>"
      }
    },
    "PolicyNameType": {
      "base": null,
      "refs": {
        "GetKeyPolicyRequest$PolicyName": "<p>String that contains the name of the policy. Currently, this must be \"default\". Policy names can be discovered by calling <a>ListKeyPolicies</a>. </p>",
        "PolicyNameList$member": null,
        "PutKeyPolicyRequest$PolicyName": "<p>Name of the policy to be attached. Currently, the only supported name is \"default\".</p>"
      }
    },
    "PolicyType": {
      "base": null,
      "refs": {
        "CreateKeyRequest$Policy": "<p>Policy to be attached to the key. This is required and delegates back to the account. The key is the root of trust. </p>",
        "GetKeyPolicyResponse$Policy": "<p>A policy document in JSON format.</p>",
        "PutKeyPolicyRequest$Policy": "<p>The policy, in JSON format, to be attached to the key.</p>"
      }
    },
    "PrincipalIdType": {
      "base": null,
      "refs": {
        "CreateGrantRequest$GranteePrincipal": "<p>Principal given permission by the grant to use the key identified by the <code>keyId</code> parameter.</p>",
        "CreateGrantRequest$RetiringPrincipal": "<p>Principal given permission to retire the grant. For more information, see <a>RetireGrant</a>.</p>",
        "GrantListEntry$GranteePrincipal": "<p>The principal that receives the grant permission.</p>",
        "GrantListEntry$RetiringPrincipal": "<p>The principal that can retire the account.</p>",
        "GrantListEntry$IssuingAccount": "<p>The account under which the grant was issued.</p>"
      }
    },
    "PutKeyPolicyRequest": {
      "base": null,
      "refs": {
      }
    },
    "ReEncryptRequest": {
      "base": null,
      "refs": {
      }
    },
    "ReEncryptResponse": {
      "base": null,
      "refs": {
      }
    },
    "RetireGrantRequest": {
      "base": null,
      "refs": {
      }
    },
    "RevokeGrantRequest": {
      "base": null,
      "refs": {
      }
    },
    "UnsupportedOperationException": {
      "base": "<p>The request was rejected because a specified parameter is not supported.</p>",
      "refs": {
      }
    },
    "UpdateAliasRequest": {
      "base": null,
      "refs": {
      }
    },
    "UpdateKeyDescriptionRequest": {
      "base": null,
      "refs": {
      }
    }
  }
}
